Brand,Name,Lightweight,Size,Lug depth,Widths available,For heavy runners,Removable insole,Orthotic friendly,Ranking,Popularity,terrain_norm,terrain_light,terrain_moderate,terrain_technical,Arch_grouped,arch_neutral,arch_stability,Strike_norm,strike_forefoot,strike_heel,strike_mid,drop_lab_mm,drop_brand_mm,midsole_soft,midsole_balanced,midsole_firm,plate_carbon,plate_rock,plate_none,toebox_bad,toebox_decent,toebox_good,heelpad_bad,heelpad_decent,heelpad_good,outsole_bad,outsole_decent,outsole_good,breath_breathable,breath_moderate,breath_warm,width_narrow,width_medium,width_wide,toeboxwidth_narrow,toeboxwidth_medium,toeboxwidth_wide,stiff_flexible,stiff_moderate,stiff_stiff,torsion_flexible,torsion_moderate,torsion_stiff,heelcounter_flexible,heelcounter_moderate,heelcounter_stiff,heel_lab_mm,heel_brand_mm,forefoot_lab_mm,forefoot_brand_mm,season_all,season_summer,season_winter,water_proof,water_repellent,water_both,water_none
Adidas,Terrex Agravic Speed Ultra,0,Slightly large,2.5 mm,Normal,0,1,1,#67 Top 19%,#163 Top 45%,Light,1,0,0,Neutral,1,0,Mid|Forefoot,1,0,1,0.3,8.0,0,1,0,0,0,1,0,0,1,0,0,1,0,1,0,0,1,0,0,1,0,1,0,0,0,1,0,0,0,1,1,0,0,30.6,38.0,30.3,30.0,1,0,0,0,0,0,1
Adidas,Terrex Speed Ultra,0,True to size,2.6 mm,Normal,0,1,1,#45 Top 13%,#294 Bottom 20%,Light,1,0,0,Neutral,1,0,Heel|Mid|Forefoot,1,1,1,8.2,8.0,0,0,0,0,0,1,0,0,0,0,0,0,0,0,0,0,0,0,1,0,0,0,0,0,0,0,1,1,0,0,1,0,0,32.8,26.0,24.6,18.0,0,0,0,0,0,0,1
Altra,Experience Wild,0,True to size,3.6 mm,Normal,0,1,1,#251 Top 39%,#308 Top 48%,Light|Moderate,1,1,0,Neutral,1,0,Mid|Forefoot,1,0,1,4.3,4.0,1,0,0,0,0,1,0,1,0,0,1,0,0,0,1,0,1,0,0,0,1,0,0,1,0,1,0,0,0,1,0,1,0,34.5,34.0,30.2,30.0,1,0,0,0,0,0,1
Altra,Experience Wild 2,0,-,3.5 mm,Normal,0,1,1,#315 Bottom 14%,#211 Bottom 42%,Light,1,0,0,Neutral,1,0,Mid|Forefoot,1,0,1,6.1,4.0,0,1,0,0,0,1,0,1,0,0,0,1,0,0,1,0,0,1,0,0,1,0,0,1,0,1,0,0,1,0,1,0,0,32.3,32.0,26.2,28.0,1,0,0,0,0,0,1
Altra,Lone Peak 5.0,0,True to size,3.7 mm,Normal,0,1,1,#62 Top 10%,#63 Top 10%,Light|Moderate,1,1,0,Neutral,1,0,Mid|Forefoot,1,0,1,0.2,0.0,0,0,0,0,1,0,0,0,0,0,0,0,0,0,0,0,0,0,1,0,0,0,0,0,0,0,1,1,0,0,0,0,0,24.5,25.0,24.3,25.0,0,0,0,0,0,0,1
Altra,Lone Peak 6,0,True to size,4.4 mm,NormalWide,0,0,0,#139 Top 22%,#290 Top 45%,Moderate|Technical,0,1,1,Neutral,1,0,Mid|Forefoot,1,0,1,0.6,0.0,0,0,0,0,1,0,0,0,0,0,0,0,0,0,0,0,0,0,0,0,1,0,0,0,0,0,1,0,0,0,0,0,0,25.1,25.0,24.5,25.0,0,0,0,0,0,0,1
Altra,Lone Peak 7,0,True to size,3.4 mm,NormalWide,0,1,1,#387 Bottom 40%,#227 Top 36%,Moderate,0,1,0,Neutral,1,0,Mid|Forefoot,1,0,1,0.2,0.0,0,1,0,0,0,1,0,0,0,0,0,0,0,0,0,0,1,0,1,0,0,0,0,0,0,0,1,1,0,0,1,0,0,23.3,25.0,23.1,25.0,1,0,0,0,0,0,1
Altra,Lone Peak 8,0,True to size,3.0 mm,NormalWide,0,1,1,#540 Bottom 16%,#177 Top 28%,Light|Moderate,1,1,0,Neutral,1,0,Mid|Forefoot,1,0,1,1.4,0.0,0,1,0,0,0,1,0,0,1,0,1,0,0,1,0,0,1,0,0,1,0,0,0,1,0,0,1,1,0,0,1,0,0,22.7,25.0,21.3,25.0,1,0,0,0,0,0,1
Altra,Lone Peak 9,0,True to size,3.8 mm,NormalWide,0,1,1,#30 Top 9%,#42 Top 12%,Light|Moderate,1,1,0,Neutral,1,0,Mid|Forefoot,1,0,1,0.0,0.0,0,1,0,0,0,1,0,1,0,0,1,0,0,0,1,0,0,1,0,0,1,0,0,1,0,1,0,0,1,0,1,0,0,23.3,25.0,23.3,25.0,1,0,0,0,0,0,1
Altra,Mont Blanc,0,True to size,2.8 mm,NormalWide,0,0,0,#317 Bottom 13%,#232 Bottom 36%,Light|Moderate,1,1,0,Neutral,1,0,Mid|Forefoot,1,0,1,0.0,,0,0,0,0,0,1,0,0,0,0,0,0,0,0,0,0,0,0,0,1,0,0,0,0,0,0,1,0,0,0,0,0,0,33.8,30.0,33.8,,0,0,0,0,0,0,1
Altra,Mont Blanc Carbon,0,True to size,3.5 mm,Normal,0,1,1,#180 Top 49%,#263 Bottom 28%,Moderate,0,1,0,Neutral,1,0,Mid|Forefoot,1,0,1,0.3,0.0,1,0,0,1,0,0,0,1,0,1,0,0,0,0,1,0,1,0,0,1,0,0,0,1,0,0,1,1,0,0,1,0,0,27.2,29.0,26.9,29.0,1,0,0,0,0,0,1
Altra,Olympus 5,0,Slightly small,3.0 mm,Normal,0,1,1,#503 Bottom 22%,#284 Top 44%,Light|Moderate,1,1,0,Neutral,1,0,Mid|Forefoot,1,0,1,2.0,0.0,0,1,0,0,0,1,0,0,0,0,0,0,0,0,0,0,1,0,0,0,1,0,0,0,0,0,1,0,1,0,0,1,0,33.0,33.0,31.0,33.0,1,0,0,0,0,0,1
Altra,Olympus 6,0,Half size small,3.5 mm,Normal,1,1,1,#274 Bottom 25%,#106 Top 29%,Light|Moderate,1,1,0,Neutral,1,0,Mid|Forefoot,1,0,1,0.7,0.0,0,1,0,0,0,1,0,0,0,0,0,1,0,0,1,1,0,0,0,1,0,0,0,1,0,0,1,0,0,1,0,1,0,32.2,35.0,31.5,35.0,1,1,0,0,0,0,1
Altra,Outroad,0,Slightly small,2.3 mm,Normal,0,1,1,#550 Bottom 14%,#510 Bottom 21%,Light,1,0,0,Neutral,1,0,Mid|Forefoot,1,0,1,0.1,0.0,0,1,0,0,0,1,0,0,0,0,0,0,0,0,0,0,1,0,0,1,0,0,1,0,0,0,1,0,1,0,1,0,0,25.1,27.0,25.0,27.0,1,0,0,0,0,0,1
Altra,Outroad 2,0,Slightly small,2.2 mm,Normal,0,1,1,#581 Bottom 10%,#552 Bottom 14%,Light,1,0,0,Neutral,1,0,Mid|Forefoot,1,0,1,1.4,0.0,0,1,0,0,0,1,1,0,0,0,1,0,0,0,1,0,1,0,0,1,0,0,0,1,0,0,1,0,1,0,0,1,0,26.9,27.5,25.5,27.5,1,0,0,0,0,0,1
Altra,Outroad 3,0,Slightly small,1.5 mm,Normal,0,1,1,#289 Bottom 21%,#272 Bottom 26%,Light,1,0,0,Neutral,1,0,Mid|Forefoot,1,0,1,0.6,0.0,0,1,0,0,0,1,0,1,0,1,0,0,1,0,0,0,0,1,0,1,0,0,0,1,0,0,1,0,1,0,1,0,0,23.8,27.0,23.2,27.0,1,0,0,0,0,0,1
Altra,Superior 6,0,Slightly small,3.3 mm,Normal,0,1,1,#324 Bottom 11%,#260 Bottom 29%,Light|Moderate,1,1,0,Neutral,1,0,Mid|Forefoot,1,0,1,0.1,0.0,0,1,0,0,0,1,0,0,0,0,1,0,0,0,1,1,0,0,0,1,0,0,0,1,0,0,1,0,1,0,1,0,0,22.1,20.5,22.0,20.5,1,1,0,0,0,0,1
Altra,Timp 4,0,True to size,2.9 mm,Normal,0,1,1,#595 Bottom 8%,#507 Bottom 21%,Light|Moderate,1,1,0,Neutral,1,0,Mid|Forefoot,1,0,1,0.1,0.0,0,1,0,0,0,1,0,0,0,0,0,0,0,0,0,0,1,0,0,1,0,0,0,0,0,0,1,1,0,0,1,0,0,29.0,30.0,28.9,30.0,1,0,0,0,0,0,1
Altra,Timp 5,0,Slightly small,3.0 mm,Normal,0,1,1,#304 Bottom 17%,#138 Top 38%,Light|Moderate,1,1,0,Neutral,1,0,Mid|Forefoot,1,0,1,0.1,0.0,0,1,0,0,0,1,0,0,1,0,1,0,0,0,1,0,1,0,0,0,1,0,0,1,0,0,1,0,0,1,0,1,0,28.6,29.0,28.7,29.0,1,0,0,0,0,0,1
Altra,Timp 5 GTX,0,-,3.5 mm,Normal,0,1,1,#365 Bottom 1%,#280 Bottom 23%,Light|Moderate,1,1,0,Neutral,1,0,Mid|Forefoot,1,0,1,0.3,0.0,1,0,0,0,0,1,0,1,0,0,1,0,0,0,1,0,0,1,0,0,1,0,0,1,0,0,1,0,0,1,1,0,0,28.9,29.0,28.6,29.0,0,0,1,1,0,0,0
Asics,Gel Excite Trail 2,0,True to size,4.0 mm,Normal,1,1,1,#293 Bottom 20%,#205 Bottom 44%,Light,1,0,0,Neutral,1,0,Heel,0,1,0,10.1,8.0,0,1,0,0,0,1,0,0,0,1,0,0,0,1,0,0,1,0,0,1,0,0,1,0,1,0,0,0,0,1,0,0,1,37.7,36.0,27.6,28.0,1,0,0,0,0,0,1
Asics,Gel Trabuco 12,0,True to size,4.5 mm,Normal,0,1,1,#111 Top 18%,#166 Top 26%,Moderate|Technical,0,1,1,Neutral,1,0,Mid|Forefoot,1,0,1,7.8,8.0,1,0,0,0,1,0,0,0,1,0,0,1,0,0,1,0,1,0,0,1,0,0,0,1,0,1,0,0,1,0,0,1,0,35.4,36.0,27.6,28.0,1,0,0,0,0,0,1
Asics,Gel Trabuco 13,0,True to size,3.3 mm,Normal,0,1,1,#135 Top 37%,#108 Top 30%,Light,1,0,0,Neutral,1,0,Mid|Forefoot,1,0,1,7.0,8.0,0,1,0,0,1,0,0,0,1,0,0,1,0,0,1,0,1,0,0,1,0,0,1,0,0,0,1,0,0,1,0,0,1,33.8,34.0,26.8,26.0,1,0,0,0,0,0,1
Asics,Metafuji Trail,0,True to size,2.7 mm,NormalWide,0,1,1,#61 Top 17%,#300 Bottom 18%,Light,1,0,0,Neutral,1,0,Heel,0,1,0,10.3,5.0,1,0,0,1,0,0,0,0,0,0,0,1,0,1,0,1,0,0,0,1,0,1,0,0,0,0,1,0,0,1,0,1,0,44.7,44.0,34.4,39.0,1,1,0,0,0,0,1
Asics,Trabuco Max 3,0,Slightly small,4.0 mm,Normal,0,1,1,#76 Top 12%,#165 Top 26%,Moderate|Technical,0,1,1,Neutral,1,0,Heel|Mid|Forefoot,1,1,1,8.5,5.0,1,0,0,0,0,1,0,0,1,0,0,1,0,1,0,0,0,1,0,1,0,0,1,0,0,0,1,0,0,1,0,0,1,42.4,43.0,33.9,38.0,1,0,0,0,0,0,1
Asics,Trabuco Max 4,0,Half size small,3.1 mm,Normal,0,1,1,#134 Top 37%,#107 Top 30%,Light,1,0,0,Neutral,1,0,Mid|Forefoot,1,0,1,6.1,5.0,0,1,0,0,0,1,0,1,0,0,0,1,0,1,0,0,1,0,0,1,0,0,1,0,0,0,1,0,0,1,0,0,1,39.3,41.0,33.2,36.0,1,0,0,0,0,0,1
Brooks,Caldera 6,0,True to size,3.5 mm,Normal,0,1,1,#245 Top 38%,#446 Bottom 31%,Light|Moderate,1,1,0,Neutral,1,0,Heel,0,1,0,12.1,6.0,1,0,0,0,0,1,0,0,0,0,1,0,0,0,1,0,1,0,0,1,0,0,1,0,0,0,1,0,0,1,0,0,1,38.4,36.0,26.3,30.0,1,0,0,0,0,0,1
Brooks,Caldera 7,0,True to size,4.0 mm,Normal,0,1,1,#260 Top 41%,#389 Bottom 39%,Light|Moderate,1,1,0,Neutral,1,0,Heel|Mid|Forefoot,1,1,1,8.9,6.0,1,0,0,0,0,1,0,1,0,0,0,1,0,1,0,1,0,0,0,1,0,0,1,0,0,0,1,0,0,1,0,0,1,36.7,39.0,27.8,33.0,1,1,0,0,0,0,1
Brooks,Caldera 8,0,True to size,3.6 mm,Normal,0,1,1,#87 Top 24%,#168 Top 46%,Light|Moderate,1,1,0,Neutral,1,0,Heel|Mid|Forefoot,1,1,1,8.8,6.0,1,0,0,0,0,1,1,0,0,0,0,1,0,1,0,0,1,0,0,1,0,0,1,0,0,1,0,0,0,1,0,0,1,36.7,39.0,27.9,33.0,1,0,0,0,0,0,1
Brooks,Cascadia 16,0,Slightly small,4.3 mm,NormalWide,0,1,1,#290 Top 45%,#391 Bottom 39%,Technical,0,0,1,Neutral,1,0,Heel,0,1,0,10.3,8.0,0,0,0,0,1,0,0,0,0,0,0,0,0,0,0,0,0,0,1,0,0,0,0,0,0,0,1,0,0,1,0,0,1,32.3,29.0,22.0,21.0,0,0,0,0,0,0,1
Brooks,Cascadia 17,0,True to size,3.9 mm,NormalWide,0,1,1,#360 Bottom 44%,#394 Bottom 39%,Moderate|Technical,0,1,1,Neutral,1,0,Heel|Mid|Forefoot,1,1,1,9.2,8.0,0,1,0,0,1,0,1,0,0,1,0,0,0,0,1,1,0,0,0,1,0,0,0,1,0,0,1,0,0,1,0,0,1,33.1,,23.9,,1,1,0,0,0,0,1
Brooks,Cascadia 18,0,True to size,4.0 mm,NormalWide,0,1,1,#391 Bottom 39%,#214 Top 34%,Light|Moderate,1,1,0,Neutral,1,0,Heel|Mid|Forefoot,1,1,1,8.8,8.0,0,1,0,0,1,0,0,0,0,0,1,0,0,1,0,0,1,0,0,1,0,0,1,0,0,0,1,0,0,1,0,0,1,32.6,33.0,23.8,25.0,1,0,0,0,0,0,1
Brooks,Cascadia 19,0,True to size,3.8 mm,NormalWide,1,1,1,#184 Top 50%,#117 Top 32%,Light|Moderate,1,1,0,Neutral,1,0,Mid|Forefoot,1,0,1,7.8,6.0,0,1,0,0,1,0,0,0,1,0,1,0,0,0,1,0,1,0,0,1,0,0,1,0,0,1,0,0,0,1,0,0,1,34.8,35.0,27.0,29.0,1,0,0,0,0,0,1
Brooks,Catamount 2,0,True to size,3.0 mm,Normal,0,1,1,#316 Top 49%,#560 Bottom 13%,Light|Moderate,1,1,0,Neutral,1,0,Mid|Forefoot,1,0,1,6.4,6.0,0,1,0,0,1,0,1,0,0,0,0,1,0,0,1,0,1,0,1,0,0,0,1,0,0,0,1,0,0,1,0,1,0,29.0,29.0,22.6,23.0,1,0,0,0,1,0,0
Brooks,Catamount 3,0,True to size,2.9 mm,Normal,0,1,1,#81 Top 23%,#242 Bottom 34%,Light|Moderate,1,1,0,Neutral,1,0,Mid|Forefoot,1,0,1,6.8,6.0,0,1,0,0,1,0,0,0,0,0,0,1,0,1,0,0,0,1,1,0,0,0,0,1,0,0,1,0,1,0,1,0,0,28.3,30.0,21.5,24.0,1,0,0,0,0,0,1
Brooks,Divide 3,0,Half size small,3.1 mm,Normal,0,1,1,#124 Top 20%,#609 Bottom 5%,Light|Moderate,1,1,0,Neutral,1,0,Heel|Mid|Forefoot,1,1,1,8.4,8.0,0,0,1,0,0,1,0,0,0,1,0,0,0,0,1,0,1,0,0,1,0,0,1,0,0,0,1,0,0,1,0,0,1,31.1,30.0,22.7,22.0,1,0,0,0,0,0,1
Brooks,Divide 4,0,True to size,2.7 mm,Normal,0,1,1,#183 Top 50%,#308 Bottom 16%,Light,1,0,0,Neutral,1,0,Heel|Mid|Forefoot,1,1,1,9.2,8.0,0,1,0,0,0,1,1,0,0,1,0,0,0,1,0,0,1,0,0,1,0,0,0,1,0,0,1,0,1,0,0,0,1,32.1,30.0,22.9,22.0,1,0,0,0,0,0,1
Brooks,Divide 5 GTX,0,True to size,3.0 mm,Normal,0,1,1,#321 Bottom 12%,#299 Bottom 18%,Light,1,0,0,Neutral,1,0,Heel|Mid|Forefoot,1,1,1,10.0,8.0,0,1,0,0,0,1,0,0,1,0,0,1,0,0,1,0,0,1,0,1,0,0,1,0,0,1,0,0,0,1,0,0,1,35.5,24.0,25.5,16.0,0,0,1,1,0,0,0
Hoka,Challenger 7,0,True to size,3.1 mm,NormalWide,0,1,1,#436 Bottom 32%,#141 Top 22%,Light|Moderate,1,1,0,Neutral,1,0,Heel|Mid|Forefoot,1,1,1,8.8,5.0,1,0,0,0,0,1,0,0,1,0,1,0,0,0,0,0,0,1,1,0,0,1,0,0,0,1,0,0,1,0,0,0,1,32.9,31.0,24.1,26.0,1,0,0,0,0,0,1
Hoka,Challenger 7 GTX,0,True to size,3.8 mm,Normal,0,1,1,#325 Bottom 11%,#127 Top 35%,Moderate|Technical,0,1,1,Neutral,1,0,Heel,0,1,0,11.1,5.0,1,0,0,0,0,1,0,0,0,0,1,0,0,0,1,0,0,1,0,1,0,1,0,0,0,0,1,0,0,1,0,0,1,39.2,31.0,28.1,26.0,0,0,1,0,0,1,0
Hoka,Challenger 8,0,-,3.7 mm,NormalWide,0,1,1,#360 Bottom 2%,#58 Top 16%,Light|Moderate,1,1,0,Neutral,1,0,Heel,0,1,0,10.1,8.0,1,0,0,0,0,1,0,0,1,0,0,1,0,0,1,1,0,0,0,1,0,0,1,0,0,1,0,0,0,1,0,0,1,40.2,42.0,30.1,34.0,1,1,0,0,0,0,1
Hoka,Mafate 5,0,-,4.4 mm,Normal,0,1,1,#361 Bottom 1%,#121 Top 33%,Light|Moderate,1,1,0,Neutral,1,0,Heel|Mid|Forefoot,1,1,1,9.0,8.0,1,0,0,0,0,1,0,1,0,0,1,0,0,0,1,0,1,0,0,1,0,0,1,0,0,0,1,0,0,1,0,1,0,42.9,45.0,33.9,37.0,1,0,0,0,0,0,1
Hoka,Mafate Speed 4,0,True to size,3.9 mm,Normal,0,1,1,#132 Top 36%,#84 Top 23%,Moderate|Technical,0,1,1,Neutral,1,0,Mid|Forefoot,1,0,1,7.2,4.0,1,0,0,0,0,1,0,0,1,0,0,1,0,0,1,0,1,0,0,1,0,1,0,0,0,1,0,0,0,1,1,0,0,38.0,33.0,30.8,29.0,1,0,0,0,0,0,1
Hoka,Mafate Three2,0,Slightly small,4.0 mm,Normal,0,1,1,#329 Bottom 10%,#200 Bottom 45%,Light,1,0,0,Neutral,1,0,Mid|Forefoot,1,0,1,3.9,4.0,1,0,0,0,0,1,0,0,0,0,1,0,0,0,1,0,1,0,1,0,0,1,0,0,0,0,1,0,0,1,0,1,0,35.6,35.0,31.7,31.0,1,0,0,0,0,0,1
Hoka,Mafate X,0,-,3.0 mm,Normal,1,1,1,#185 Bottom 49%,#192 Bottom 47%,Light|Moderate,1,1,0,Neutral,1,0,Heel,0,1,0,10.6,8.0,0,1,0,1,0,0,1,0,0,0,0,1,0,0,1,0,1,0,0,0,1,0,1,0,0,0,1,0,0,1,0,0,1,47.3,49.0,36.7,41.0,1,0,0,0,0,0,1
Hoka,Speedgoat 5,0,True to size,3.0 mm,NormalWide,0,1,1,#237 Top 37%,#115 Top 18%,Light|Moderate,1,1,0,Neutral,1,0,Mid|Forefoot,1,0,1,3.8,4.0,1,0,0,0,0,1,0,0,0,0,0,0,0,0,0,0,1,0,1,0,0,0,0,0,0,1,0,1,0,0,1,0,0,27.5,33.0,23.7,29.0,1,0,0,0,0,0,1
Hoka,Speedgoat 5 GTX,0,True to size,3.5 mm,Normal,0,1,1,#531 Bottom 17%,#381 Bottom 41%,Moderate,0,1,0,Neutral,1,0,Mid|Forefoot,1,0,1,7.0,4.0,1,0,0,0,0,1,0,0,1,0,0,1,0,1,0,0,1,0,0,1,0,0,1,0,0,0,1,0,0,1,0,1,0,34.6,,27.6,,0,0,1,1,0,0,0
Hoka,Speedgoat 6,0,Slightly small,4.0 mm,NormalWide,1,1,1,#327 Bottom 10%,#47 Top 13%,Moderate,0,1,0,Neutral,1,0,Mid|Forefoot,1,0,1,4.9,5.0,0,1,0,0,0,1,0,0,1,0,0,1,0,1,0,0,0,1,0,1,0,0,1,0,0,0,1,0,0,1,0,1,0,32.1,40.0,27.2,35.0,1,0,0,0,0,0,1
Hoka,Speedgoat 6 GTX,0,Half size small,3.9 mm,NormalWide,0,1,1,#355 Bottom 3%,#128 Top 35%,Moderate,0,1,0,Neutral,1,0,Mid|Forefoot,1,0,1,5.0,5.0,0,1,0,0,1,0,0,0,0,0,0,1,0,0,1,0,0,1,0,1,0,1,0,0,0,0,1,0,0,1,0,1,0,32.9,37.0,27.9,32.0,0,0,1,1,0,0,0
Hoka,Stinson 7,0,True to size,3.0 mm,Normal,0,1,1,#209 Bottom 43%,#117 Top 32%,Light|Moderate,1,1,0,Neutral,1,0,Mid|Forefoot,1,0,1,7.0,5.0,1,0,0,0,0,1,0,0,0,1,0,0,0,1,0,0,1,0,0,1,0,0,1,0,0,0,1,0,0,1,0,0,1,40.0,42.0,33.0,37.0,1,0,0,0,0,0,1
Hoka,Tecton X,1,True to size,3.5 mm,Normal,0,1,1,#134 Top 21%,#492 Bottom 23%,Moderate,0,1,0,Neutral,1,0,Heel|Mid|Forefoot,1,1,1,8.0,5.0,0,0,1,1,0,0,0,0,0,0,0,0,0,0,0,0,0,0,1,0,0,0,0,0,0,0,1,0,0,1,1,0,0,35.3,33.0,27.3,29.0,0,0,0,0,0,0,1
Hoka,Tecton X 2,0,Slightly small,3.6 mm,Normal,0,1,1,#282 Top 44%,#363 Bottom 43%,Moderate,0,1,0,Neutral,1,0,Mid|Forefoot,1,0,1,5.6,5.0,0,1,0,1,0,0,0,0,1,1,0,0,0,0,1,0,1,0,1,0,0,1,0,0,0,0,1,0,0,1,0,1,0,37.4,32.0,31.8,27.0,1,0,0,0,0,0,1
Hoka,Tecton X 3,0,Slightly small,4.0 mm,Normal,0,1,1,#229 Bottom 37%,#162 Top 45%,Light|Moderate,1,1,0,Neutral,1,0,Mid|Forefoot,1,0,1,6.9,5.0,1,0,0,1,0,0,0,0,1,0,1,0,0,0,1,0,1,0,1,0,0,0,1,0,0,0,1,0,0,1,1,0,0,37.8,40.0,30.9,35.0,1,0,0,0,1,0,0
Hoka,Torrent 3,0,True to size,3.6 mm,Normal,0,1,1,#226 Bottom 38%,#301 Bottom 18%,Moderate,0,1,0,Neutral,1,0,Mid|Forefoot,1,0,1,7.1,5.0,0,1,0,0,0,1,0,1,0,0,1,0,0,0,1,0,1,0,0,1,0,0,1,0,0,0,1,0,0,1,0,1,0,29.5,23.0,22.4,18.0,1,0,0,0,0,0,1
Hoka,Zinal,1,True to size,3.4 mm,Normal,0,1,1,#246 Top 39%,#588 Bottom 9%,Light|Moderate,1,1,0,Neutral,1,0,Mid|Forefoot,1,0,1,3.9,4.0,0,0,0,0,0,1,0,0,0,0,0,0,0,0,0,0,0,0,1,0,0,0,0,0,0,0,1,0,0,1,0,1,0,29.3,22.0,25.4,18.0,0,0,0,0,0,0,1
Hoka,Zinal 2,1,Slightly small,3.7 mm,Normal,0,1,1,#227 Bottom 38%,#310 Bottom 15%,Moderate,0,1,0,Neutral,1,0,Mid|Forefoot,1,0,1,7.2,5.0,1,0,0,0,0,1,0,0,0,0,0,1,0,1,0,0,1,0,1,0,0,0,1,0,0,0,1,0,1,0,1,0,0,29.8,30.0,22.6,25.0,1,0,0,0,0,0,1
Inov8,Trailfly,0,Slightly small,3.9 mm,NormalWide,0,1,1,#141 Top 39%,#326 Bottom 11%,Light|Moderate,1,1,0,Neutral,1,0,Mid|Forefoot,1,0,1,6.0,6.0,1,0,0,0,1,0,0,1,0,0,0,1,0,0,1,0,1,0,0,1,0,0,0,1,0,0,1,1,0,0,1,0,0,30.1,29.0,24.1,23.0,1,0,0,0,0,0,1
Keen,Seek,0,-,4.1 mm,Normal,0,1,1,#146 Top 40%,#315 Bottom 14%,Light|Moderate,1,1,0,Neutral,1,0,Heel|Mid|Forefoot,1,1,1,8.6,6.0,1,0,0,0,0,1,0,0,1,0,0,1,0,0,1,0,1,0,0,1,0,0,0,1,0,1,0,0,1,0,1,0,0,36.3,38.5,27.7,32.5,1,0,0,0,0,0,1
La Sportiva,Mutant,0,Half size small,5.0 mm,Normal,0,1,1,#149 Top 41%,#228 Bottom 38%,Technical,0,0,1,Neutral,1,0,Heel,0,1,0,11.3,10.0,0,0,1,0,0,1,0,0,1,0,0,1,0,1,0,0,1,0,1,0,0,0,1,0,0,0,1,0,0,1,0,1,0,33.2,26.0,21.9,16.0,1,0,0,0,0,0,1
La Sportiva,Prodigio,0,Half size small,3.4 mm,Normal,0,1,1,#269 Bottom 26%,#217 Bottom 40%,Moderate,0,1,0,Neutral,1,0,Heel|Mid|Forefoot,1,1,1,8.9,6.0,1,0,0,0,0,1,0,0,0,1,0,0,0,1,0,0,1,0,0,1,0,0,1,0,0,0,1,0,0,1,0,0,1,29.3,34.0,20.4,28.0,1,0,0,0,0,0,1
Merrell,Agility Peak 4,0,Slightly large,4.4 mm,Normal,0,1,1,#364 Bottom 43%,#595 Bottom 8%,Technical,0,0,1,Neutral,1,0,Heel|Mid|Forefoot,1,1,1,9.3,6.0,0,1,0,0,1,0,0,1,0,0,1,0,0,1,0,0,1,0,1,0,0,0,0,1,0,0,1,0,0,1,0,0,1,34.4,30.0,25.1,24.0,1,0,0,0,0,0,1
Merrell,Agility Peak 5,0,True to size,4.5 mm,Normal,1,1,1,#139 Top 38%,#113 Top 31%,Moderate|Technical,0,1,1,Neutral,1,0,Heel,0,1,0,13.4,6.0,0,1,0,0,1,0,0,0,0,0,1,0,0,0,1,0,1,0,0,1,0,1,0,0,0,1,0,0,0,1,0,0,1,39.2,39.0,25.8,33.0,1,0,0,0,0,0,1
Merrell,Agility Peak 5 GTX,0,True to size,4.4 mm,Normal,0,1,1,#298 Bottom 19%,#255 Bottom 30%,Moderate|Technical,0,1,1,Neutral,1,0,Heel,0,1,0,11.6,6.0,0,1,0,0,1,0,0,0,1,1,0,0,0,1,0,0,0,1,1,0,0,0,1,0,0,0,1,0,0,1,0,0,1,37.3,39.0,25.7,33.0,0,0,1,1,0,0,0
Merrell,Antora 3,0,True to size,3.4 mm,Normal,0,1,1,#269 Bottom 26%,#231 Bottom 37%,Light,1,0,0,Neutral,1,0,Heel|Mid|Forefoot,1,1,1,9.1,,0,1,0,0,1,0,0,1,0,1,0,0,0,0,1,1,0,0,1,0,0,0,1,0,0,1,0,0,0,1,0,1,0,33.5,,24.4,,1,1,0,0,0,0,1
Merrell,Fly Strike,0,True to size,3.5 mm,NormalWide,0,1,1,#316 Bottom 14%,#273 Bottom 25%,Light,1,0,0,Neutral,1,0,Heel,0,1,0,17.3,10.0,0,1,0,0,0,1,0,0,1,0,1,0,0,1,0,0,1,0,1,0,0,0,0,1,0,0,1,0,0,1,0,1,0,34.3,27.0,17.0,17.0,1,0,0,0,0,0,1
Merrell,Moab Flight,0,True to size,2.9 mm,NormalWide,0,1,1,#91 Top 25%,#307 Bottom 16%,Light,1,0,0,Neutral,1,0,Heel,0,1,0,13.5,10.0,0,1,0,0,0,1,0,0,1,0,0,1,0,0,1,0,0,1,0,1,0,0,1,0,0,1,0,0,0,1,0,1,0,32.6,29.0,19.1,19.0,1,0,0,0,0,0,1
Merrell,Morphlite,1,True to size,2.0 mm,NormalWide,0,1,1,#148 Top 41%,#292 Bottom 20%,Light,1,0,0,Neutral,1,0,Heel,0,1,0,11.0,6.0,1,0,0,0,0,1,1,0,0,0,1,0,0,1,0,0,1,0,1,0,0,0,1,0,0,1,0,0,0,1,1,0,0,32.3,26.0,21.3,20.0,1,0,0,0,0,0,1
Merrell,Nova 2,0,-,4.2 mm,NormalWide,0,0,0,#424 Bottom 34%,#470 Bottom 27%,Moderate|Technical,0,1,1,Neutral,1,0,Heel|Mid|Forefoot,1,1,1,9.3,8.0,0,0,0,0,1,0,0,0,0,0,0,0,0,0,0,0,0,0,1,0,0,0,0,0,0,0,1,0,0,0,0,0,0,35.1,29.0,25.8,21.0,0,0,0,0,0,0,1
Merrell,Nova 3,0,True to size,3.5 mm,NormalWide,0,1,1,#574 Bottom 11%,#322 Top 50%,Light|Moderate,1,1,0,Neutral,1,0,Heel|Mid|Forefoot,1,1,1,9.9,8.0,0,1,0,0,1,0,0,1,0,0,1,0,0,0,1,0,1,0,1,0,0,0,1,0,0,1,0,0,0,1,1,0,0,34.1,29.0,24.2,21.0,1,0,0,0,0,0,1
Merrell,Nova 4,0,-,4.0 mm,NormalWide,0,1,1,#192 Bottom 47%,#193 Bottom 47%,Light|Moderate,1,1,0,Neutral,1,0,Heel,0,1,0,12.1,8.0,0,1,0,0,0,1,0,1,0,0,1,0,0,1,0,0,1,0,0,1,0,0,1,0,0,1,0,0,0,1,1,0,0,37.7,29.0,25.6,21.0,1,0,0,0,0,0,1
Merrell,Trail Glove 7,1,True to size,2.5 mm,Normal,0,0,0,#225 Bottom 38%,#161 Top 44%,Light,1,0,0,Neutral,1,0,Mid|Forefoot,1,0,1,0.1,0.0,0,1,0,0,0,1,0,1,0,1,0,0,0,1,0,0,1,0,0,1,0,0,0,1,0,1,0,1,0,0,1,0,0,16.1,14.0,16.0,14.0,1,0,0,0,0,0,1
New Balance, Foam X Hierro v8,0,Slightly small,4.0 mm,NormalWideX-Wide,0,1,1,#513 Bottom 20%,#97 Top 15%,Light|Moderate,1,1,0,Neutral,1,0,Heel|Mid|Forefoot,1,1,1,8.1,6.0,1,0,0,0,0,1,0,0,0,0,1,0,0,0,1,0,0,1,0,1,0,0,1,0,0,1,0,1,0,0,0,1,0,32.2,37.0,24.1,31.0,1,0,0,0,0,0,1
New Balance,510 v6,0,True to size,2.9 mm,NormalWideX-Wide,0,1,1,#355 Bottom 3%,#318 Bottom 13%,Light,1,0,0,Neutral,1,0,Heel|Mid|Forefoot,1,1,1,8.2,,0,1,0,0,0,1,0,1,0,1,0,0,0,0,1,0,1,0,1,0,0,0,1,0,0,0,1,0,1,0,0,1,0,33.8,,25.6,,1,0,0,0,0,0,1
New Balance,DynaSoft Nitrel v5,0,Slightly small,2.9 mm,NormalWideX-Wide,0,1,1,#602 Bottom 6%,#490 Bottom 24%,Light,1,0,0,Neutral,1,0,Mid|Forefoot,1,0,1,6.7,6.0,0,1,0,0,0,1,0,0,0,1,0,0,0,0,1,0,1,0,1,0,0,0,0,1,0,0,1,0,1,0,1,0,0,29.8,29.0,23.1,23.0,1,0,0,0,0,0,1
New Balance,DynaSoft Nitrel v6,0,True to size,2.7 mm,NormalWideX-Wide,0,1,1,#351 Bottom 4%,#187 Bottom 49%,Light,1,0,0,Neutral,1,0,Mid|Forefoot,1,0,1,2.5,6.0,0,1,0,0,0,1,0,1,0,0,1,0,0,0,1,0,1,0,0,1,0,0,1,0,0,1,0,1,0,0,0,1,0,22.7,27.0,20.2,21.0,1,0,0,0,0,0,1
New Balance,Fresh Foam Hierro v6,0,True to size,3.3 mm,Normal,0,1,1,#197 Top 31%,#345 Bottom 46%,Light|Moderate,1,1,0,Neutral,1,0,Heel|Mid|Forefoot,1,1,1,9.2,8.0,0,0,0,0,0,1,0,0,0,0,0,0,0,0,0,0,0,1,0,1,0,0,0,0,0,0,1,0,0,1,0,0,1,26.9,28.0,17.7,20.0,1,0,0,0,0,0,1
New Balance,Fresh Foam X Garoe v2,0,-,3.2 mm,NormalWideX-Wide,0,1,1,#50 Top 14%,#129 Top 36%,Light,1,0,0,Neutral,1,0,Heel,0,1,0,11.0,8.0,1,0,0,0,0,1,0,1,0,0,1,0,0,0,1,0,1,0,1,0,0,0,1,0,0,0,1,0,0,1,0,0,1,38.4,,27.4,,1,0,0,0,0,0,1
New Balance,Fresh Foam X Hierro v7,0,True to size,3.0 mm,NormalWideX-Wide,0,1,1,#370 Bottom 42%,#150 Top 24%,Light|Moderate,1,1,0,Neutral,1,0,Heel|Mid|Forefoot,1,1,1,9.9,8.0,1,0,0,0,0,1,0,0,0,0,0,0,0,0,0,0,1,0,1,0,0,0,0,1,0,1,0,1,0,0,1,0,0,32.4,29.0,22.5,21.0,1,0,0,0,0,0,1
New Balance,Fresh Foam X Hierro v9,0,Half size small,3.3 mm,NormalWideX-Wide,0,1,1,#234 Bottom 36%,#28 Top 8%,Light,1,0,0,Neutral,1,0,Mid|Forefoot,1,0,1,4.2,4.0,1,0,0,0,0,1,0,0,1,0,0,1,0,0,1,0,1,0,0,1,0,0,1,0,0,0,1,0,0,1,0,1,0,37.3,33.0,33.1,29.0,1,0,0,0,0,0,1
New Balance,Fresh Foam X More Trail v3,0,True to size,5.0 mm,NormalWide,0,1,1,#159 Top 44%,#22 Top 6%,Moderate|Technical,0,1,1,Neutral,1,0,Mid|Forefoot,1,0,1,7.1,4.0,1,0,0,0,0,1,0,0,0,0,1,0,0,0,0,0,1,0,0,1,0,1,0,0,0,1,0,0,1,0,0,1,0,38.6,39.4,31.5,35.4,1,0,0,0,0,0,1
New Balance,FuelCell SuperComp Trail,1,Half size small,2.9 mm,Normal,0,1,1,#65 Top 18%,#319 Bottom 13%,Light|Moderate,1,1,0,Neutral,1,0,Heel,0,1,0,13.0,10.0,1,0,0,1,0,0,0,1,0,0,1,0,0,0,1,0,1,0,0,1,0,0,1,0,0,0,1,0,0,1,0,1,0,34.7,36.5,21.7,26.5,1,0,0,0,0,0,1
New Balance,Minimus Trail,1,Slightly small,3.3 mm,NormalWide,0,0,0,#359 Bottom 2%,#220 Bottom 40%,Light,1,0,0,Neutral,1,0,Mid|Forefoot,1,0,1,5.2,4.0,1,0,0,0,0,1,0,0,0,0,0,1,0,0,1,0,1,0,1,0,0,0,1,0,1,0,0,1,0,0,1,0,0,19.5,,14.3,,1,0,0,0,0,0,1
New Balance,MT10,1,Slightly small,0,Normal,0,0,0,#206 Bottom 44%,#104 Top 29%,Light,1,0,0,Neutral,1,0,Mid|Forefoot,1,0,1,5.0,4.0,0,0,1,0,0,1,0,0,0,0,1,0,0,0,1,0,1,0,1,0,0,0,1,0,1,0,0,1,0,0,1,0,0,15.6,14.0,10.6,10.0,1,0,0,0,0,0,1
New Balance,Shando,0,True to size,4.9 mm,Normal,0,1,1,#345 Bottom 6%,#348 Bottom 5%,Moderate,0,1,0,Neutral,1,0,Mid|Forefoot,1,0,1,7.3,,0,0,0,0,0,1,0,0,0,0,0,0,0,0,0,0,0,0,0,1,0,0,0,0,0,0,1,1,0,0,1,0,0,34.7,,27.4,,0,0,0,0,0,0,1
New Balance,Tektrel,0,Half size small,2.4 mm,NormalWide,0,1,1,#340 Bottom 7%,#177 Top 49%,Light,1,0,0,Neutral,1,0,Heel|Mid|Forefoot,1,1,1,8.0,8.0,0,1,0,0,0,1,0,0,1,0,1,0,0,1,0,1,0,0,0,1,0,0,0,1,0,0,1,0,1,0,0,1,0,32.2,32.0,24.2,24.0,1,1,0,0,0,0,1
Nike,Air Zoom Terra Kiger 6,0,-,4.8 mm,Normal,0,0,0,#342 Bottom 47%,#553 Bottom 14%,Moderate,0,1,0,Neutral,1,0,Mid|Forefoot,1,0,1,4.4,4.0,0,0,0,0,1,0,0,0,0,0,0,0,0,0,0,0,0,0,0,0,1,0,0,0,0,0,1,0,0,0,0,0,0,19.6,15.0,15.2,11.0,0,0,0,0,0,0,1
Nike,Juniper Trail,0,Slightly small,4.8 mm,Normal,0,1,1,#588 Bottom 9%,#397 Bottom 38%,Moderate,0,1,0,Neutral,1,0,Mid|Forefoot,1,0,1,7.6,6.0,0,0,0,0,0,1,0,0,0,0,0,0,0,0,0,0,0,0,0,1,0,0,0,0,0,0,1,0,1,0,0,1,0,26.6,29.0,19.0,23.0,0,0,0,0,0,0,1
Nike,Juniper Trail 2,0,True to size,3.1 mm,Normal,0,1,1,#615 Bottom 4%,#260 Top 41%,Light,1,0,0,Neutral,1,0,Heel|Mid|Forefoot,1,1,1,9.4,9.0,0,1,0,0,0,1,0,1,0,0,0,1,0,1,0,0,1,0,0,1,0,0,0,1,0,0,1,0,0,1,0,0,1,34.7,35.0,25.3,26.0,1,0,0,0,0,0,1
Nike,Juniper Trail 2 GTX,0,True to size,2.7 mm,Normal,0,1,1,#347 Bottom 5%,#164 Top 45%,Light,1,0,0,Neutral,1,0,Heel,0,1,0,10.2,9.0,0,0,1,0,0,1,0,0,0,0,0,1,0,0,1,0,0,1,0,0,1,0,0,1,0,0,1,0,0,1,0,1,0,34.5,35.0,24.3,26.0,0,0,1,1,0,0,0
Nike,Juniper Trail 3,0,True to size,2.6 mm,Normal,0,1,1,#358 Bottom 2%,#184 Top 50%,Light,1,0,0,Neutral,1,0,Heel,0,1,0,10.9,10.0,0,1,0,0,0,1,0,1,0,1,0,0,0,0,1,0,0,1,0,1,0,0,0,1,0,1,0,0,0,1,0,0,1,32.6,32.0,21.7,22.0,1,0,0,0,0,0,1
Nike,Kiger 10,0,Slightly small,3.3 mm,Normal,0,1,1,#333 Bottom 9%,#233 Bottom 36%,Light|Moderate,1,1,0,Neutral,1,0,Mid|Forefoot,1,0,1,3.7,5.0,1,0,0,0,1,0,0,0,0,0,0,1,0,0,1,1,0,0,0,1,0,0,0,1,0,1,0,1,0,0,0,1,0,28.3,29.0,24.6,24.0,1,1,0,0,0,0,1
Nike,Pegasus Trail 3,0,True to size,3.3 mm,Normal,0,1,1,#87 Top 14%,#375 Bottom 41%,Light|Moderate,1,1,0,Neutral,1,0,Heel,0,1,0,10.3,10.0,1,0,0,0,0,1,0,0,0,0,0,0,0,0,0,0,0,1,0,1,0,0,0,0,0,0,1,0,1,0,0,1,0,35.3,36.0,25.0,26.0,1,0,0,0,0,0,1
Nike,Pegasus Trail 3 GTX,0,True to size,3.3 mm,Normal,0,1,1,#338 Bottom 47%,#432 Bottom 33%,Light|Moderate,1,1,0,Neutral,1,0,Heel|Mid|Forefoot,1,1,1,9.8,10.0,0,0,0,0,0,1,0,0,0,0,0,0,0,0,0,0,0,1,1,0,0,0,0,0,0,0,1,0,1,0,0,1,0,32.5,36.0,22.7,26.0,0,0,1,1,0,0,0
Nike,Pegasus Trail 4 GTX,0,Slightly small,3.5 mm,Normal,0,1,1,#371 Bottom 42%,#407 Bottom 37%,Light|Moderate,1,1,0,Neutral,1,0,Heel,0,1,0,12.8,10.0,1,0,0,0,0,1,0,0,1,0,0,1,0,0,1,0,0,1,0,1,0,0,0,1,0,0,1,0,0,1,1,0,0,37.7,37.0,24.9,27.0,0,0,1,1,0,0,0
Nike,Pegasus Trail 5,0,True to size,3.2 mm,NormalWideX-Wide,0,1,1,#72 Top 20%,#48 Top 14%,Light,1,0,0,Neutral,1,0,Heel|Mid|Forefoot,1,1,1,9.6,9.5,1,0,0,0,0,1,0,0,0,0,0,1,0,0,1,0,0,1,0,1,0,0,1,0,0,1,0,0,1,0,0,0,1,34.6,37.0,25.0,27.5,1,0,0,0,0,0,1
Nike,Pegasus Trail 5 GTX,0,Slightly small,3.6 mm,NarrowNormal,0,1,1,#346 Bottom 5%,#101 Top 28%,Light,1,0,0,Neutral,1,0,Heel|Mid|Forefoot,1,1,1,8.3,9.5,1,0,0,0,0,1,0,1,0,1,0,0,0,0,1,0,0,1,0,1,0,0,0,1,0,1,0,0,0,1,1,0,0,32.1,37.0,23.8,27.5,0,0,1,1,0,0,0
Nike,Terra Kiger 8,0,True to size,3.9 mm,Normal,0,1,1,#422 Bottom 34%,#596 Bottom 7%,Moderate|Technical,0,1,1,Neutral,1,0,Mid|Forefoot,1,0,1,5.9,6.0,0,0,1,0,1,0,0,0,0,0,0,0,0,0,0,0,0,0,0,1,0,0,0,0,0,0,1,0,1,0,1,0,0,28.1,30.0,22.2,24.0,0,0,0,0,0,0,1
Nike,Terra Kiger 9,0,True to size,4.4 mm,Normal,0,1,1,#34 Top 10%,#293 Bottom 20%,Moderate|Technical,0,1,1,Neutral,1,0,Mid|Forefoot,1,0,1,4.4,3.0,1,0,0,0,0,1,0,0,0,0,1,0,0,0,0,0,1,0,0,1,0,0,1,0,0,0,1,0,1,0,0,1,0,30.1,31.0,25.7,28.0,1,0,0,0,0,0,1
Nike,Ultrafly,0,True to size,3.0 mm,Normal,0,1,1,#85 Top 24%,#201 Bottom 45%,Light|Moderate,1,1,0,Neutral,1,0,Heel,0,1,0,11.8,8.5,1,0,0,1,0,0,0,0,0,0,0,1,0,0,1,0,1,0,0,1,0,0,0,1,0,0,1,0,0,1,0,1,0,36.6,38.0,24.8,29.5,1,0,0,0,0,0,1
Nike,Wildhorse 10,0,True to size,3.4 mm,Normal,0,1,1,#32 Top 9%,#132 Top 36%,Light|Moderate,1,1,0,Neutral,1,0,Heel,0,1,0,10.9,9.5,1,0,0,0,1,0,0,0,0,0,0,1,0,1,0,0,1,0,0,1,0,0,1,0,0,1,0,0,1,0,0,1,0,38.3,38.0,27.4,28.5,1,0,0,0,0,0,1
Nike,Wildhorse 7,0,True to size,4.2 mm,Normal,0,1,1,#344 Bottom 46%,#501 Bottom 22%,Light|Moderate,1,1,0,Neutral,1,0,Mid|Forefoot,1,0,1,7.3,8.0,0,0,0,0,1,0,0,0,0,0,0,0,0,0,0,0,0,0,1,0,0,0,0,0,0,0,1,0,1,0,1,0,0,33.5,30.0,26.2,22.0,0,0,0,0,0,0,1
Nike,Wildhorse 8,0,True to size,3.5 mm,Normal,0,1,1,#415 Bottom 35%,#356 Bottom 44%,Moderate,0,1,0,Neutral,1,0,Heel|Mid|Forefoot,1,1,1,9.2,8.0,1,0,0,0,1,0,0,0,0,1,0,0,0,0,0,0,1,0,0,1,0,0,1,0,0,1,0,0,1,0,0,1,0,34.2,35.5,25.0,27.5,1,0,0,0,0,0,1
Nike,Zegama 2,0,True to size,4.0 mm,Normal,0,1,1,#143 Top 39%,#95 Top 26%,Moderate,0,1,0,Neutral,1,0,Mid|Forefoot,1,0,1,4.0,4.0,1,0,0,0,0,1,0,0,1,0,0,1,0,0,1,0,1,0,0,1,0,0,0,1,0,1,0,0,0,1,1,0,0,30.3,36.0,26.3,32.0,1,0,0,0,0,0,1
Nnormal,Kjerag,1,True to size,3.0 mm,Normal,0,0,0,#3 Top 1%,#234 Bottom 36%,Light,1,0,0,Neutral,1,0,Mid|Forefoot,1,0,1,8.6,6.0,0,1,0,0,0,1,0,1,0,0,1,0,0,1,0,0,0,1,0,1,0,0,1,0,1,0,0,0,1,0,1,0,0,25.0,23.5,16.4,17.5,1,0,0,0,0,0,1
On,Cloudsurfer Trail,0,True to size,2.5 mm,Normal,1,1,1,#197 Bottom 46%,#217 Bottom 41%,Light,1,0,0,Neutral,1,0,Heel,0,1,0,10.7,7.0,0,1,0,0,0,1,0,1,0,1,0,0,0,0,1,0,1,0,0,1,0,0,1,0,0,1,0,0,0,1,0,1,0,37.4,41.0,26.7,34.0,1,0,0,0,0,0,1
On,Cloudultra 2,0,True to size,2.5 mm,Normal,0,1,1,#104 Top 29%,#244 Bottom 33%,Light,1,0,0,Neutral,1,0,Heel,0,1,0,10.2,6.0,0,0,1,0,1,0,1,0,0,0,1,0,0,0,1,1,0,0,0,1,0,0,1,0,1,0,0,1,0,0,1,0,0,30.2,27.0,20.0,21.0,1,1,0,0,0,0,1
On,Cloudvista,0,Half size small,2.5 mm,Normal,0,1,1,#147 Top 23%,#487 Bottom 24%,Light,1,0,0,Neutral,1,0,Heel,0,1,0,10.3,10.3,0,1,0,0,1,0,0,0,0,1,0,0,0,0,1,1,0,0,0,1,0,0,1,0,0,0,1,0,1,0,1,0,0,32.3,32.3,22.0,22.0,1,1,0,0,0,0,1
On,Cloudvista 2,0,True to size,3.1 mm,NarrowNormal,0,1,1,#130 Top 36%,#215 Bottom 41%,Light,1,0,0,Neutral,1,0,Mid|Forefoot,1,0,1,6.0,5.0,0,1,0,0,0,1,0,1,0,1,0,0,0,0,1,0,0,1,1,0,0,0,1,0,0,1,0,0,0,1,0,1,0,31.7,29.0,25.7,24.0,1,0,0,0,0,0,1
Salomon,Genesis,0,True to size,4.0 mm,Normal,0,1,1,#12 Top 4%,#221 Bottom 39%,Moderate|Technical,0,1,1,Neutral,1,0,Heel|Mid|Forefoot,1,1,1,9.0,8.0,0,1,0,0,0,1,0,0,1,0,0,1,0,1,0,0,1,0,0,1,0,0,1,0,0,1,0,0,1,0,0,0,1,33.5,33.0,24.5,25.0,1,0,0,0,1,0,0
Salomon,Pulsar Trail,0,True to size,2.5 mm,Normal,0,1,1,#153 Top 42%,#285 Bottom 22%,Light,1,0,0,Neutral,1,0,Mid|Forefoot,1,0,1,7.2,6.0,1,0,0,0,1,0,0,1,0,0,0,1,0,0,1,0,1,0,0,1,0,0,1,0,0,0,1,0,0,1,0,1,0,31.0,32.6,23.8,26.6,1,0,0,0,0,0,1
Salomon,S/Lab Genesis,1,True to size,4.3 mm,Normal,0,1,1,#17 Top 5%,#339 Bottom 7%,Light|Moderate,1,1,0,Neutral,1,0,Mid|Forefoot,1,0,1,7.8,8.0,1,0,0,0,1,0,1,0,0,0,1,0,0,1,0,0,1,0,0,1,0,0,1,0,0,1,0,0,1,0,1,0,0,31.9,33.0,24.1,25.0,1,0,0,0,0,0,1
Salomon,S/Lab Pulsar 4,1,-,3.0 mm,Normal,0,0,0,#336 Bottom 8%,#361 Bottom 1%,Light,1,0,0,Neutral,1,0,Mid|Forefoot,1,0,1,7.1,6.0,1,0,0,0,0,1,0,1,0,0,0,1,0,0,1,0,0,1,0,1,0,0,1,0,0,1,0,0,0,1,0,1,0,32.6,31.0,25.5,25.0,1,0,0,0,0,0,1
Salomon,S/Lab Ultra,0,-,3.5 mm,Normal,0,1,1,#271 Bottom 26%,#353 Bottom 4%,Light|Moderate,1,1,0,Neutral,1,0,Heel,0,1,0,10.2,8.0,1,0,0,0,0,1,1,0,0,0,0,1,0,0,1,0,1,0,1,0,0,1,0,0,0,1,0,0,0,1,1,0,0,36.3,40.0,26.1,32.0,1,0,0,0,0,0,1
Salomon,S/Lab Ultra Glide,0,-,3.2 mm,Normal,0,1,1,#339 Bottom 7%,#352 Bottom 4%,Light|Moderate,1,1,0,Neutral,1,0,Mid|Forefoot,1,0,1,7.2,6.0,0,1,0,0,0,1,0,0,1,0,0,1,0,0,1,0,0,1,1,0,0,0,1,0,0,0,1,0,0,1,0,1,0,41.0,41.0,33.8,35.0,1,0,0,0,0,0,1
Salomon,Sense Pro 4,0,-,4.3 mm,Normal,0,0,0,#144 Top 40%,#356 Bottom 3%,Moderate|Technical,0,1,1,Neutral,1,0,Mid|Forefoot,1,0,1,4.0,4.0,0,0,0,0,1,0,0,0,0,0,0,0,0,0,0,0,0,0,0,1,0,0,0,0,0,0,1,0,0,0,1,0,0,24.4,25.0,20.5,21.0,0,0,0,0,1,0,0
Salomon,Sense Ride 4,0,True to size,3.6 mm,Normal,0,1,1,#231 Top 36%,#477 Bottom 26%,Moderate,0,1,0,Neutral,1,0,Mid|Forefoot,1,0,1,7.3,8.0,0,0,0,0,0,1,0,0,0,0,0,0,0,0,0,0,1,0,0,1,0,0,0,0,0,0,1,0,1,0,0,0,0,26.5,27.0,19.2,19.0,1,0,0,0,0,0,1
Salomon,Sense Ride 5,0,Slightly small,3.5 mm,NarrowNormal,0,1,1,#107 Top 30%,#142 Top 39%,Light|Moderate,1,1,0,Neutral,1,0,Heel|Mid|Forefoot,1,1,1,8.7,8.3,0,1,0,0,0,1,0,0,0,0,0,0,0,0,0,0,1,0,0,1,0,0,1,0,0,1,0,0,1,0,1,0,0,27.2,29.6,18.5,21.3,1,0,0,0,0,0,1
Salomon,Speedcross 6,0,True to size,5.8 mm,NormalWide,0,1,1,#103 Top 28%,#77 Top 21%,Technical,0,0,1,Neutral,1,0,Heel,0,1,0,14.1,10.0,0,0,1,0,0,1,0,0,1,0,1,0,0,1,0,0,0,1,0,1,0,0,1,0,0,1,0,0,0,1,0,0,1,36.5,32.0,22.4,22.0,0,0,1,0,0,0,1
Salomon,Speedcross 6 GTX,0,True to size,5.0 mm,Normal,0,1,1,#157 Top 43%,#156 Top 43%,Technical,0,0,1,Neutral,1,0,Heel,0,1,0,11.2,10.0,0,0,1,0,0,1,0,0,1,0,0,1,0,1,0,0,0,1,0,1,0,0,1,0,0,0,1,0,0,1,0,0,1,37.0,32.0,25.8,22.0,0,0,1,1,0,0,0
Salomon,Supercross 4,0,True to size,4.2 mm,Normal,0,1,1,#213 Bottom 42%,#259 Bottom 29%,Moderate|Technical,0,1,1,Neutral,1,0,Heel,0,1,0,15.2,11.0,1,0,0,0,0,1,0,0,1,0,0,1,0,0,1,0,1,0,0,1,0,1,0,0,0,0,1,1,0,0,1,0,0,35.1,32.0,19.9,21.0,1,0,0,0,0,0,1
Salomon,Thundercross,0,True to size,4.0 mm,Normal,0,1,1,#97 Top 27%,#222 Bottom 39%,Moderate|Technical,0,1,1,Neutral,1,0,Mid|Forefoot,1,0,1,3.0,4.0,1,0,0,0,0,1,0,0,1,0,1,0,0,0,1,0,0,1,0,1,0,0,1,0,0,1,0,0,0,1,1,0,0,27.6,31.0,24.6,27.0,0,0,1,0,0,0,1
Salomon,Ultra Flow,0,Slightly small,2.8 mm,Normal,0,1,1,#271 Bottom 26%,#287 Bottom 22%,Light,1,0,0,Neutral,1,0,Heel,0,1,0,12.5,6.0,1,0,0,0,0,1,0,0,1,0,1,0,0,1,0,0,1,0,0,1,0,0,1,0,0,1,0,0,0,1,0,0,1,34.9,32.0,22.4,26.0,1,0,0,0,0,0,1
Salomon,Ultra Glide,0,True to size,3.5 mm,NormalWide,0,1,1,#175 Top 28%,#415 Bottom 35%,Light|Moderate,1,1,0,Neutral,1,0,Mid|Forefoot,1,0,1,7.9,6.0,1,0,0,0,0,1,1,0,0,0,0,1,0,0,0,0,0,0,0,1,0,0,0,0,0,0,1,0,0,1,0,0,1,31.8,32.0,23.9,26.0,0,0,0,0,0,0,1
Salomon,Ultra Glide 2,0,True to size,2.8 mm,Normal,0,0,0,#177 Top 49%,#181 Top 50%,Light|Moderate,1,1,0,Neutral,1,0,Mid|Forefoot,1,0,1,7.2,6.0,1,0,0,0,0,1,1,0,0,0,0,0,0,0,0,0,1,0,1,0,0,1,0,0,0,1,0,1,0,0,0,1,0,30.6,32.0,23.4,26.0,1,0,0,0,0,0,1
Salomon,XA Pro 3D GTX,0,True to size,2.9 mm,Normal,0,1,1,#334 Bottom 48%,#406 Bottom 37%,Light|Moderate,1,1,0,Stability,0,1,Heel,0,1,0,13.1,12.0,0,0,1,0,0,1,0,0,0,0,0,0,0,0,0,0,0,1,0,1,0,0,0,0,0,0,1,0,0,1,0,0,1,31.9,27.0,18.8,15.0,0,0,1,1,0,0,0
Salomon,XA Pro 3D V8,0,True to size,2.9 mm,NormalWide,0,1,1,#180 Top 28%,#538 Bottom 16%,Light|Moderate,1,1,0,Stability,0,1,Heel,0,1,0,14.6,11.0,0,0,1,0,0,1,0,0,0,0,0,0,0,0,0,0,1,0,0,1,0,0,0,0,0,0,1,0,0,1,0,0,1,35.0,28.0,20.4,17.0,1,0,0,0,0,0,1
Salomon,XA Pro 3D v9,0,True to size,2.8 mm,NormalWide,0,1,1,#348 Bottom 5%,#165 Top 45%,Light|Moderate,1,1,0,Stability,0,1,Heel,0,1,0,12.5,11.0,0,0,1,0,0,1,0,0,0,0,1,0,0,0,1,0,1,0,0,0,1,0,1,0,0,0,1,0,0,1,0,0,1,31.7,28.0,19.2,17.0,1,0,0,0,0,0,1
Salomon,XA Pro 3D v9 GTX,0,True to size,2.8 mm,NormalWide,0,1,1,#257 Bottom 30%,#53 Top 15%,Light|Moderate,1,1,0,Stability,0,1,Heel,0,1,0,13.5,11.0,0,0,1,0,1,0,0,0,0,0,1,0,0,0,1,0,0,1,0,1,0,0,1,0,0,0,1,0,0,1,0,0,1,33.5,,20.0,,0,0,1,1,0,0,0
Saucony,Endorphin Edge,0,True to size,3.4 mm,Normal,0,1,1,#163 Top 45%,#229 Bottom 37%,Moderate,0,1,0,Neutral,1,0,Mid|Forefoot,1,0,1,7.1,6.0,1,0,0,1,0,0,0,0,0,0,0,0,0,0,0,0,1,0,1,0,0,0,0,0,0,0,1,0,0,1,0,1,0,33.4,36.0,26.3,30.0,1,0,0,0,0,0,1
Saucony,Endorphin Rift,0,True to size,4.5 mm,Normal,0,1,1,#222 Bottom 39%,#309 Bottom 15%,Technical,0,0,1,Neutral,1,0,Mid|Forefoot,1,0,1,7.9,6.0,1,0,0,0,1,0,0,0,1,0,0,1,0,0,1,1,0,0,0,1,0,0,1,0,0,0,1,0,1,0,0,1,0,33.0,34.0,25.1,28.0,1,1,0,0,0,0,1
Saucony,Endorphin Trail,0,True to size,4.5 mm,Normal,0,1,1,#190 Bottom 48%,#321 Bottom 12%,Technical,0,0,1,Neutral,1,0,Mid|Forefoot,1,0,1,5.2,4.0,0,0,0,0,0,1,0,0,0,0,0,0,0,0,0,0,0,0,0,1,0,0,0,0,0,0,1,0,0,1,0,0,1,36.3,36.5,31.1,32.5,0,0,0,0,0,0,1
Saucony,Peregrine 11,0,Slightly large,4.4 mm,Normal,0,1,1,#261 Top 41%,#584 Bottom 9%,Technical,0,0,1,Neutral,1,0,Mid|Forefoot,1,0,1,5.1,4.0,0,0,0,0,1,0,0,0,0,0,0,0,0,0,0,0,0,0,0,1,0,0,0,0,0,0,1,0,1,0,0,0,0,27.5,27.0,22.4,23.0,0,0,0,0,0,0,1
Saucony,Peregrine 12,0,True to size,4.6 mm,NormalWide,0,0,0,#350 Bottom 45%,#502 Bottom 22%,Technical,0,0,1,Neutral,1,0,Mid|Forefoot,1,0,1,6.9,4.0,0,0,0,0,1,0,0,0,0,0,0,0,0,0,0,0,0,0,0,0,1,0,0,0,0,0,1,0,0,0,0,0,0,30.2,26.5,23.2,22.5,0,0,0,0,0,0,1
Saucony,Peregrine 13,0,True to size,4.8 mm,Normal,0,1,1,#186 Top 29%,#441 Bottom 31%,Technical,0,0,1,Neutral,1,0,Mid|Forefoot,1,0,1,3.9,4.0,0,1,0,0,1,0,0,0,0,0,0,0,0,0,0,0,1,0,0,1,0,1,0,0,0,0,1,1,0,0,0,1,0,27.5,28.0,23.6,24.0,1,0,0,0,0,0,1
Saucony,Peregrine 14,0,True to size,4.7 mm,NormalWide,0,1,1,#218 Top 34%,#350 Bottom 45%,Moderate|Technical,0,1,1,Neutral,1,0,Mid|Forefoot,1,0,1,2.2,4.0,0,1,0,0,1,0,0,1,0,0,1,0,0,0,1,0,1,0,0,0,1,0,1,0,0,1,0,0,1,0,0,1,0,27.3,31.0,25.1,27.0,1,0,0,0,0,0,1
Saucony,Peregrine 15,0,True to size,4.7 mm,NormalWide,0,1,1,#326 Bottom 11%,#139 Top 38%,Light|Moderate,1,1,0,Neutral,1,0,Mid|Forefoot,1,0,1,3.7,4.0,1,0,0,0,1,0,0,0,1,0,1,0,0,0,1,0,1,0,0,1,0,1,0,0,0,1,0,1,0,0,0,1,0,29.5,28.0,25.8,24.0,1,0,0,0,0,0,1
Saucony,Xodus Ultra,0,True to size,3.8 mm,Normal,0,1,1,#314 Top 49%,#498 Bottom 23%,Moderate|Technical,0,1,1,Neutral,1,0,Mid|Forefoot,1,0,1,7.2,6.0,0,1,0,0,1,0,0,0,0,0,0,0,0,0,0,0,1,0,1,0,0,0,0,0,0,0,1,0,1,0,0,1,0,33.9,32.0,26.7,26.0,1,0,0,0,0,0,1
Saucony,Xodus Ultra 2,0,True to size,4.6 mm,Normal,0,1,1,#227 Top 36%,#555 Bottom 14%,Moderate|Technical,0,1,1,Neutral,1,0,Mid|Forefoot,1,0,1,7.3,6.0,0,1,0,0,1,0,1,0,0,0,0,1,0,1,0,0,1,0,0,1,0,0,1,0,0,0,1,0,0,1,0,0,1,34.1,32.5,26.8,26.5,1,0,0,0,0,0,1
Saucony,Xodus Ultra 3,0,True to size,4.3 mm,Normal,0,1,1,#341 Bottom 47%,#425 Bottom 34%,Technical,0,0,1,Neutral,1,0,Mid|Forefoot,1,0,1,5.9,6.0,1,0,0,0,1,0,0,1,0,0,0,1,0,0,1,0,1,0,0,1,0,0,1,0,0,1,0,0,0,1,1,0,0,35.1,36.0,29.2,30.0,1,0,0,0,0,0,1
Saucony,Xodus Ultra 4,0,-,3.5 mm,Normal,0,1,1,#201 Bottom 45%,#208 Bottom 43%,Light,1,0,0,Neutral,1,0,Mid|Forefoot,1,0,1,6.5,6.0,1,0,0,0,0,1,0,1,0,1,0,0,0,1,0,0,1,0,0,1,0,0,1,0,0,1,0,0,0,1,0,0,1,37.6,36.0,31.1,30.0,1,0,0,0,0,0,1
Scarpa,Spin Planet,0,True to size,3.2 mm,Normal,0,1,1,#138 Top 38%,#329 Bottom 10%,Light|Moderate,1,1,0,Neutral,1,0,Mid|Forefoot,1,0,1,6.2,4.0,0,1,0,0,0,1,0,1,0,0,0,1,0,1,0,1,0,0,0,1,0,0,1,0,0,0,1,0,0,1,0,1,0,32.8,28.5,26.6,24.5,1,1,0,0,0,0,1
The North Face,Vectiv Enduris 3,0,True to size,3.3 mm,Normal,0,1,1,#46 Top 13%,#188 Bottom 48%,Light,1,0,0,Neutral,1,0,Heel,0,1,0,11.6,6.0,0,1,0,0,0,1,0,0,1,0,0,1,0,0,1,0,0,1,0,1,0,0,1,0,0,1,0,0,0,1,0,0,1,35.8,30.0,24.2,24.0,1,0,0,0,0,0,1
Topo,MTN Racer 3,0,Slightly small,4.2 mm,Normal,0,1,1,#164 Top 45%,#261 Bottom 28%,Light|Moderate,1,1,0,Neutral,1,0,Mid|Forefoot,1,0,1,6.9,5.0,0,1,0,0,0,1,1,0,0,0,1,0,0,0,1,0,1,0,0,0,1,0,0,1,0,0,1,0,0,1,0,1,0,33.5,33.5,26.6,28.5,1,0,0,0,0,0,1
Topo,Traverse,0,Slightly small,4.1 mm,NormalWide,0,1,1,#39 Top 11%,#281 Bottom 23%,Light|Moderate,1,1,0,Neutral,1,0,Mid|Forefoot,1,0,1,4.8,5.0,0,1,0,0,1,0,1,0,0,0,0,1,0,0,1,0,1,0,0,0,1,0,0,1,0,0,1,0,0,1,0,1,0,30.8,30.0,26.0,25.0,1,0,0,0,1,0,0
Topo,Ultraventure 4,0,True to size,3.2 mm,NormalWide,0,1,1,#188 Bottom 48%,#147 Top 41%,Light,1,0,0,Neutral,1,0,Mid|Forefoot,1,0,1,6.6,5.0,1,0,0,0,0,1,1,0,0,0,1,0,0,0,1,0,1,0,0,0,1,0,0,1,0,1,0,0,1,0,1,0,0,35.1,35.0,28.5,30.0,1,0,0,0,0,0,1
Xero Shoes,Scrambler Low,0,True to size,2.7 mm,NormalWide,0,1,1,#116 Top 32%,#336 Bottom 8%,Light,1,0,0,Neutral,1,0,Mid|Forefoot,1,0,1,0.1,0.0,0,0,1,0,0,1,0,1,0,0,1,0,0,1,0,1,0,0,0,1,0,0,0,1,0,1,0,1,0,0,1,0,0,16.3,15.0,16.4,15.0,1,1,0,0,0,0,1
Topo,Ultraventure 3,0,True to size,3.2 mm,Normal,0,1,1,#259 Top 41%,#206 Top 32%,Light,1,0,0,Neutral,1,0,Mid|Forefoot,1,0,1,6.3,5.0,1,0,0,0,0,1,0,1,0,0,1,0,0,0,1,0,1,0,0,0,1,0,0,1,0,1,0,0,0,1,0,1,0,37.2,35.0,30.9,30.0,1,0,0,0,0,0,1
Inov8,Trailtalon,0,Half size small,5.4 mm,NormalWide,0,1,1,#71 Top 20%,#350 Bottom 4%,Moderate|Technical,0,1,1,Neutral,1,0,Mid|Forefoot,1,0,1,7.8,6.0,1,0,0,0,0,1,0,0,0,0,0,1,0,0,1,0,0,1,0,0,1,0,0,1,0,0,1,0,1,0,1,0,0,34.2,31.0,26.4,25.0,1,0,0,0,0,0,1
Inov8,Trailfly Zero,0,-,3.4 mm,NormalWide,0,1,1,#161 Top 44%,#346 Bottom 5%,Light|Moderate,1,1,0,Neutral,1,0,Mid|Forefoot,1,0,1,0.5,0.0,0,1,0,0,0,1,0,1,0,0,1,0,0,0,1,0,1,0,0,1,0,0,0,1,1,0,0,1,0,0,1,0,0,24.9,,24.4,,1,0,0,0,0,0,1
Inov8,Trailfly Max,0,-,3.4 mm,NormalWide,0,1,1,#365 Bottom 1%,#349 Bottom 5%,Light|Moderate,1,1,0,Neutral,1,0,Mid|Forefoot,1,0,1,7.6,6.0,0,1,0,0,0,1,0,1,0,0,1,0,0,0,1,0,1,0,0,1,0,0,0,1,0,1,0,0,1,0,1,0,0,37.1,,29.5,,1,0,0,0,0,0,1
Asics,Trail Scout 2,0,True to size,4.2 mm,Normal,0,1,1,#262 Bottom 28%,#327 Bottom 11%,Moderate,0,1,0,Neutral,1,0,Heel,0,1,0,10.3,10.0,0,1,0,0,0,1,0,0,0,0,0,0,0,0,0,0,1,0,1,0,0,0,1,0,0,0,1,0,0,1,0,0,1,32.8,,22.5,,1,0,0,0,0,0,1
Asics,Gel Venture 9,0,True to size,3.0 mm,NormalWideX-Wide,0,1,1,#474 Bottom 26%,#176 Top 28%,Light|Moderate,1,1,0,Neutral,1,0,Heel,0,1,0,10.4,,0,1,0,0,0,0,0,0,0,0,1,0,0,0,0,0,1,0,1,0,0,1,0,0,0,1,0,0,1,0,0,0,1,33.3,,22.9,,1,0,0,0,0,0,0
Asics,Gel Venture 10,0,True to size,3.7 mm,NormalWideX-Wide,0,1,1,#243 Bottom 33%,#71 Top 20%,Light|Moderate,1,1,0,Neutral,1,0,Heel,0,1,0,12.0,10.0,1,0,0,0,0,1,0,0,1,0,0,1,0,0,1,0,1,0,1,0,0,1,0,0,0,1,0,0,0,1,0,1,0,35.3,33.5,23.3,23.5,1,0,0,0,0,0,1
Asics,Gel Venture 8,0,True to size,3.1 mm,Normal,0,1,1,#246 Top 39%,#251 Top 39%,Light|Moderate,1,1,0,Neutral,1,0,Heel,0,1,0,13.2,10.0,0,1,0,0,0,1,1,0,0,0,1,0,0,0,1,1,0,0,1,0,0,0,1,0,0,1,0,0,1,0,0,1,0,34.2,,21.0,,1,1,0,0,0,0,1
Kailas,Fuga EX 3,0,-,3.4 mm,Normal,0,1,1,#166 Top 46%,#344 Bottom 6%,Light|Moderate,1,1,0,Neutral,1,0,Heel,0,1,0,13.7,8.0,0,1,0,0,0,1,0,1,0,0,1,0,0,0,1,0,1,0,1,0,0,0,1,0,0,0,1,0,0,1,0,0,1,38.4,36.0,24.7,28.0,1,0,0,0,0,0,1
Xero Shoes,Mesa Trail WP,0,Slightly small,3.8 mm,NormalWide,0,1,1,#366 Bottom 1%,#354 Bottom 3%,Light,1,0,0,Neutral,1,0,Mid|Forefoot,1,0,1,1.2,0.0,0,1,0,0,0,1,0,1,0,1,0,0,0,1,0,0,0,1,0,1,0,0,0,1,0,1,0,1,0,0,1,0,0,14.6,8.0,13.4,8.0,0,0,1,1,0,0,0
Kailas,Fuga EX Pro,0,-,3.7 mm,Normal,0,1,1,#220 Bottom 40%,#337 Bottom 8%,Light|Moderate,1,1,0,Neutral,1,0,Mid|Forefoot,1,0,1,7.2,5.0,0,1,0,0,0,1,1,0,0,0,1,0,0,0,1,0,1,0,1,0,0,1,0,0,0,0,1,0,0,1,0,1,0,37.9,35.0,30.7,30.0,1,0,0,0,0,0,1
Kailas,Fuga EX BOA,0,-,3.7 mm,NormalWide,0,1,1,#51 Top 14%,#357 Bottom 2%,Moderate,0,1,0,Neutral,1,0,Heel,0,1,0,10.9,8.0,0,0,0,0,0,1,0,0,0,0,0,0,0,0,0,0,0,0,1,0,0,0,0,0,0,0,1,0,0,1,0,0,1,38.5,36.0,27.6,28.0,0,0,0,0,0,0,1
Kailas,Fuga YAO,0,-,1.7 mm,Normal,0,1,1,#52 Top 15%,#362 Bottom 1%,Light,1,0,0,Neutral,1,0,Heel,0,1,0,10.7,,0,1,0,1,0,0,0,0,0,0,0,0,0,0,0,0,1,0,1,0,0,0,0,0,0,0,1,0,0,1,0,0,1,38.6,,27.9,,1,0,0,0,0,0,1
Asics,Trabuco Max 2,0,True to size,4.2 mm,Normal,0,1,1,#4 Top 1%,#331 Bottom 48%,Moderate|Technical,0,1,1,Neutral,1,0,Heel|Mid|Forefoot,1,1,1,8.5,5.0,1,0,0,0,0,1,0,1,0,0,0,1,0,1,0,1,0,0,0,1,0,0,0,1,0,0,1,0,0,1,0,0,1,39.7,43.0,31.2,38.0,1,1,0,0,0,0,1
Icebug,JÃ¤rv RB9X,0,-,5.0 mm,Normal,0,0,0,#367 Bottom 1%,#367 Bottom 1%,Moderate|Technical,0,1,1,Neutral,1,0,Mid|Forefoot,1,0,1,6.0,4.0,0,1,0,0,0,1,0,0,1,0,1,0,0,1,0,0,0,1,0,1,0,0,1,0,0,0,1,0,0,1,0,1,0,37.0,29.0,31.0,25.0,0,0,0,0,0,0,1
Kailas,Fuga Pro 4,0,-,3.4 mm,Normal,0,1,1,#169 Top 46%,#358 Bottom 2%,Moderate,0,1,0,Neutral,1,0,Heel|Mid|Forefoot,1,1,1,10.0,10.0,0,0,0,0,0,1,0,0,0,0,0,0,0,0,0,0,0,0,1,0,0,0,0,0,0,0,1,0,0,1,0,0,1,31.7,32.0,21.8,22.0,0,0,0,0,0,0,1
Kailas,Fuga EX 2,0,-,4.0 mm,Normal,0,1,1,#436 Bottom 32%,#634 Bottom 2%,Moderate|Technical,0,1,1,Neutral,1,0,Heel,0,1,0,10.6,8.0,0,0,0,0,0,1,0,0,0,0,0,0,0,0,0,0,0,0,1,0,0,0,0,0,0,0,1,0,0,1,0,0,1,38.0,36.0,27.4,28.0,0,0,0,0,0,0,1
Kailas,Fuga Elite 2,0,-,2.5 mm,Normal,0,1,1,#249 Bottom 32%,#359 Bottom 2%,Light,1,0,0,Neutral,1,0,Heel,0,1,0,12.5,10.0,0,0,0,1,0,0,0,0,0,0,0,0,0,0,0,0,0,0,1,0,0,0,0,0,0,0,1,0,0,1,0,1,0,40.4,41.0,27.9,31.0,0,0,0,0,0,0,1
Kailas,Fuga DU,0,-,3.2 mm,Wide,0,1,1,#260 Bottom 29%,#363 Bottom 1%,Moderate,0,1,0,Neutral,1,0,Heel,0,1,0,11.6,8.0,0,1,0,0,0,1,0,0,0,0,0,0,0,0,0,0,1,0,1,0,0,0,0,0,0,0,1,0,0,1,0,0,1,36.9,36.0,25.3,,1,0,0,0,0,0,1
Kailas,Flythorn Air 2.0,0,-,3.0 mm,Normal,0,1,1,#53 Top 15%,#364 Bottom 1%,Light|Moderate,1,1,0,Neutral,1,0,Heel,0,1,0,10.3,10.0,0,0,0,0,0,1,0,0,0,0,0,0,0,0,0,0,0,0,1,0,0,0,0,0,0,0,1,0,1,0,0,0,1,30.6,29.0,20.3,19.0,0,0,0,0,0,0,1
Kailas,Phantom 3.0,0,-,1.8 mm,Normal,0,1,1,#54 Top 15%,#365 Bottom 1%,Light,1,0,0,Neutral,1,0,Heel,0,1,0,10.5,,0,1,0,0,0,1,0,0,0,0,0,0,0,0,0,0,1,0,1,0,0,0,0,0,0,0,1,0,1,0,0,0,1,35.5,,25.0,,1,0,0,0,0,0,1
Nike,Pegasus Trail 4,0,True to size,3.4 mm,Normal,0,1,1,#244 Top 38%,#195 Top 31%,Light,1,0,0,Neutral,1,0,Heel,0,1,0,12.7,10.0,0,0,0,0,0,1,0,0,0,0,0,0,0,0,0,0,0,0,0,1,0,0,0,0,0,1,0,1,0,0,0,1,0,35.5,36.0,22.8,26.0,0,0,0,0,0,0,1
,,,,,,,,,,,,0,0,0,,0,0,,0,0,0,,,0,0,0,0,0,0,0,0,0,0,0,0,0,0,0,0,0,0,0,0,0,0,0,0,0,0,0,0,0,0,0,0,0,,,,,0,0,0,0,0,0,0
,168,,,,,,,,,,,0,0,0,,0,0,,0,0,0,,,0,0,0,0,0,0,0,0,0,0,0,0,0,0,0,0,0,0,0,0,0,0,0,0,0,0,0,0,0,0,0,0,0,,,,,0,0,0,0,0,0,0
