shoe_id,brand,name,lightweight,rocker,removable_insole,pace_daily_running,pace_tempo,pace_competition,arch_neutral,arch_stability,weight_lab_oz,drop_lab_mm,strike_heel,strike_mid,strike_forefoot,midsole_softness,toebox_durability,heel_durability,outsole_durability,breathability_scaled,width_fit,toebox_width,stiffness_scaled,torsional_rigidity,heel_stiff,plate_rock_plate,plate_carbon_plate,heel_lab_mm,forefoot_lab_mm,season_summer,season_winter,season_all
r001,adidas,4dfwd,0,0,1,1,0,0,1,0,11.9,8.9,1,1,1,1,0,4,0,1,1,0,5,1,1,0,0,33.3,24.4,0,0,1
r002,adidas,4dfwd 2,0,0,1,1,0,0,1,0,12.6,10.6,1,0,0,1,0,0,0,1,1,0,5,1,3,0,0,31.8,21.2,0,0,1
r003,adidas,4dfwd 3,0,0,1,1,0,0,1,0,12.3,9.9,1,1,1,1,4,4,4,1,1,3,3,1,1,0,0,32.6,22.7,0,0,1
r004,adidas,adistar,0,1,1,1,0,0,1,0,11.5,9.6,1,1,1,3,3,4,0,3,1,3,5,5,1,0,0,34.4,24.8,0,0,1
r005,adidas,adistar 2.0,0,1,1,1,0,0,1,0,11.6,8.0,1,1,1,3,2,0,0,5,1,5,5,5,5,0,0,33.8,25.8,1,0,1
r006,adidas,adistar 3,0,0,1,1,0,0,1,0,9.7,10.5,1,0,0,5,2,3,4,5,3,3,3,5,5,0,0,40.7,30.2,1,0,1
r007,adidas,adizero adios 8,1,0,1,0,1,0,1,0,7.4,7.6,0,1,1,5,2,3,4,5,3,5,1,1,1,0,0,28.0,20.4,1,0,1
r008,adidas,adizero adios 9,1,0,1,0,1,1,1,0,6.2,6.2,0,1,1,5,2,4,4,1,3,1,1,1,1,0,0,25.0,18.8,0,0,1
r009,adidas,adizero adios pro 2.0,1,1,0,0,0,1,1,0,7.9,10.3,1,0,0,0,0,0,0,0,1,0,5,5,1,0,1,40.0,29.7,0,0,0
r010,adidas,adizero adios pro 3,1,1,1,0,0,1,1,0,7.7,8.0,1,1,1,3,2,4,4,5,3,5,5,5,1,0,1,37.8,29.8,1,0,1
r011,adidas,adizero adios pro 4,1,1,1,0,0,1,1,0,7.1,8.1,1,1,1,5,2,4,4,1,3,1,5,5,1,0,1,36.6,28.5,0,0,1
r012,adidas,adizero boston 11,0,1,1,0,1,0,1,0,10.2,9.8,1,1,1,3,2,3,4,3,5,5,5,5,3,0,1,39.1,29.3,0,0,1
r013,adidas,adizero boston 12,0,1,1,0,1,0,1,0,9.2,6.1,0,1,1,3,2,3,4,5,5,3,5,5,1,0,0,34.5,28.4,1,0,1
r014,adidas,adizero boston 13,0,1,1,0,1,1,1,0,9.0,6.0,0,1,1,3,3,4,4,3,3,1,3,5,5,0,1,34.3,28.3,0,0,1
r015,adidas,adizero evo sl,1,1,1,1,1,0,1,0,7.9,8.0,1,1,1,3,2,4,4,5,3,3,1,5,3,0,0,36.1,28.1,1,0,1
r016,adidas,adizero prime x 2 strung,0,1,1,0,1,1,1,0,10.8,8.8,1,1,1,3,4,4,4,3,3,1,5,5,1,0,1,45.7,36.9,0,0,1
r017,adidas,adizero prime x3 strung,0,1,1,0,1,1,1,0,10.3,13.0,1,1,1,5,4,4,2,3,3,3,5,5,1,0,1,48.1,35.1,0,0,1
r018,adidas,adizero sl,1,0,1,1,1,0,1,0,8.8,8.6,1,1,1,3,3,4,4,5,3,3,5,5,3,0,0,34.9,26.3,1,0,1
r019,adidas,adizero sl2,1,0,1,1,1,0,1,0,8.6,8.2,1,1,1,3,2,4,3,5,5,3,3,3,1,0,0,34.9,26.7,1,0,1
r020,adidas,adizero takumi sen 10,1,0,1,0,1,1,1,0,7.1,7.8,0,1,1,5,2,4,2,5,1,3,3,5,1,0,0,30.6,22.8,1,0,1
r021,adidas,alphabounce+,0,0,1,1,0,0,1,0,12.0,11.5,1,0,0,3,2,2,4,3,3,1,5,5,3,0,0,37.7,26.2,0,0,1
r022,adidas,duramo 10,0,0,1,1,0,0,1,0,10.3,8.7,1,1,1,3,0,0,0,0,1,0,5,5,1,0,0,31.6,22.9,0,0,0
r023,adidas,duramo speed,0,0,1,1,0,0,1,0,9.2,6.0,0,1,1,3,2,3,4,5,3,3,5,5,3,0,0,32.7,26.7,1,0,1
r024,adidas,fluidflow 2.0,0,0,1,1,0,0,1,0,11.1,8.1,1,1,1,3,3,4,4,3,3,3,5,1,1,0,0,26.4,18.3,0,0,1
r025,adidas,galaxy 6,0,0,1,1,0,0,1,0,11.7,11.0,1,0,0,3,2,2,3,1,5,5,5,5,1,0,0,33.9,22.9,0,0,1
r026,adidas,pureboost 23,0,0,1,1,0,0,1,0,10.8,11.5,1,0,0,5,3,4,4,5,3,5,1,1,5,0,0,27.6,16.1,1,0,1
r027,adidas,pureboost 5,0,0,1,1,0,0,1,0,9.0,9.2,1,1,1,3,4,4,3,3,3,5,3,3,3,0,0,31.2,22.0,0,0,1
r028,adidas,questar,0,0,1,1,0,0,1,0,10.9,10.5,1,0,0,3,0,0,0,5,1,0,5,5,3,0,0,32.6,22.1,1,0,1
r029,adidas,questar 3,0,0,1,1,0,0,1,0,10.4,8.5,1,1,1,3,3,4,4,3,3,3,3,5,5,0,0,33.5,25.0,0,0,1
r030,adidas,racer tr21,0,0,1,1,0,0,1,0,11.2,12.9,1,0,0,3,2,2,3,3,3,3,3,3,1,0,0,31.9,19.0,0,0,1
r031,adidas,runfalcon,0,0,1,1,0,0,1,0,9.3,8.9,1,1,1,3,0,0,0,1,1,0,5,1,3,0,0,26.5,17.6,0,1,0
r032,adidas,runfalcon 2.0,0,0,1,1,0,0,1,0,9.9,10.9,1,0,0,3,0,0,0,1,3,5,5,3,3,0,0,28.7,17.8,0,0,1
r033,adidas,runfalcon 3,0,0,1,1,0,0,1,0,10.0,13.6,1,0,0,3,2,2,4,3,3,5,5,3,1,0,0,31.6,18.0,0,0,1
r034,adidas,runfalcon 5,0,0,1,1,0,0,1,0,9.7,9.4,1,1,1,3,2,2,3,3,5,3,3,1,3,0,0,31.2,21.8,0,0,1
r035,adidas,solarboost 5,0,0,1,1,0,0,0,1,10.3,9.8,1,1,1,1,3,4,2,1,3,5,5,3,3,0,0,32.9,23.1,0,0,1
r036,adidas,supernova 2,0,0,1,1,0,0,1,0,9.7,14.2,1,0,0,3,2,2,2,5,3,5,1,3,3,0,0,32.4,18.2,1,0,1
r037,adidas,supernova 3,0,0,1,1,0,0,1,0,9.7,12.5,1,0,0,3,4,4,2,5,3,3,5,3,3,0,0,30.7,18.2,1,0,1
r038,adidas,supernova prima,0,1,1,1,0,0,1,0,9.9,8.9,1,1,1,3,3,2,2,3,3,3,3,5,5,0,0,36.1,27.2,0,0,1
r039,adidas,supernova rise,0,1,1,1,0,0,1,0,9.8,9.7,1,1,1,3,3,4,4,3,5,5,3,1,5,0,0,32.5,22.8,0,0,1
r040,adidas,supernova rise 2,0,0,1,1,0,0,1,0,9.1,9.5,1,1,1,3,3,4,3,3,5,5,1,3,5,0,0,33.5,24.0,0,0,1
r041,adidas,supernova solution,0,0,1,1,0,0,0,1,9.8,10.0,1,1,1,3,3,2,3,3,3,5,1,3,5,0,0,33.1,23.1,0,0,1
r042,adidas,supernova+,0,0,1,1,0,0,1,0,11.8,9.3,1,1,1,3,0,0,0,0,3,0,3,3,3,0,0,30.7,21.4,0,0,0
r043,adidas,switch fwd,0,0,1,1,0,0,1,0,11.4,9.1,1,1,1,3,2,4,4,3,3,3,5,5,3,0,0,39.6,30.5,0,0,1
r044,adidas,switch fwd 2,0,0,1,1,0,0,1,0,10.2,11.7,1,0,0,3,3,4,3,3,3,3,5,5,3,0,0,44.0,32.3,0,0,1
r045,adidas,ultraboost 1.0,0,0,1,1,0,0,1,0,11.3,14.2,1,0,0,5,2,3,4,5,1,3,3,1,3,0,0,34.4,20.2,1,0,1
r046,adidas,ultraboost 21,0,0,1,1,0,0,1,0,12.5,12.1,1,0,0,0,0,0,0,0,3,0,0,3,0,0,0,32.8,20.7,0,0,0
r047,adidas,ultraboost 22,0,0,0,1,0,0,1,0,10.6,12.7,1,0,0,1,0,0,0,0,5,0,5,0,0,0,0,33.9,21.2,0,0,0
r048,adidas,ultraboost 5,0,0,1,1,0,0,1,0,10.3,10.6,1,0,0,5,3,4,4,5,5,5,5,5,3,0,0,35.2,24.6,1,0,1
r049,adidas,ultraboost 5x,0,0,1,1,0,0,1,0,9.4,10.4,1,0,0,5,4,4,4,3,3,3,3,5,3,0,0,34.6,24.2,0,0,1
r050,adidas,ultraboost light,0,0,1,1,0,0,1,0,10.8,11.9,1,0,0,5,4,4,4,3,3,5,3,3,3,0,0,30.1,18.2,0,0,1
r051,adidas,ultrabounce,0,0,1,1,0,0,1,0,11.5,11.3,1,0,0,3,3,3,3,5,3,3,3,3,1,0,0,30.3,19.0,1,0,1
r052,adidas,ultrarun 5,0,0,1,1,0,0,1,0,10.4,9.5,1,1,1,3,4,4,3,3,3,3,3,3,3,0,0,34.3,24.8,0,0,1
r053,adidas,wave horizon 7,1,0,1,0,1,0,1,0,7.5,8.7,1,1,1,3,0,0,0,5,3,1,5,5,1,0,0,31.6,22.9,1,0,1
r054,allbirds,tree dasher,0,0,1,1,0,0,1,0,10.6,6.0,0,1,1,3,0,0,0,5,3,0,5,1,1,0,0,29.4,23.4,1,0,1
r055,allbirds,tree dasher 2,0,0,1,1,0,0,1,0,10.3,9.3,1,1,1,3,4,4,2,5,5,5,5,1,1,0,0,31.6,22.3,1,0,1
r056,allbirds,tree flyer 2,0,0,1,1,0,0,1,0,10.3,8.1,1,1,1,3,4,3,4,3,3,3,5,5,3,0,0,32.1,24.0,0,0,1
r057,altra,escalante 3,0,0,1,1,1,0,1,0,9.5,0.2,0,1,1,3,0,0,0,3,3,0,5,1,1,0,0,25.0,24.8,0,0,1
r058,altra,escalante 4,1,0,1,1,0,0,1,0,8.4,1.4,0,1,1,3,4,4,4,3,5,5,1,1,1,0,0,23.8,22.4,0,0,1
r059,altra,escalante racer,1,0,1,0,1,1,1,0,7.3,0.5,0,1,1,1,4,4,3,5,3,5,3,1,1,0,0,19.0,18.5,1,0,1
r060,altra,escalante racer 2,1,0,1,0,1,1,1,0,7.9,1.1,0,1,1,3,4,3,4,5,5,5,3,1,1,0,0,22.5,21.4,1,0,1
r061,altra,experience flow,1,0,1,1,0,0,1,0,8.3,4.1,0,1,1,5,4,4,3,3,5,5,3,3,3,0,0,30.7,26.6,0,0,1
r062,altra,experience flow 2,1,0,1,1,0,0,1,0,8.3,4.4,0,1,1,5,3,4,3,3,5,5,3,3,3,0,0,30.3,25.9,0,0,1
r063,altra,experience form,0,0,1,1,0,0,0,1,9.2,4.0,0,1,1,3,3,3,3,3,3,5,5,3,3,0,0,29.9,25.9,0,0,1
r064,altra,fwd via,0,1,1,1,0,0,1,0,9.0,6.5,0,1,1,3,3,3,3,3,5,5,3,5,3,0,0,35.9,29.4,0,0,1
r065,altra,paradigm 7,0,0,1,1,0,0,0,1,9.3,0.1,0,1,1,5,3,3,4,5,5,5,3,3,1,0,0,27.6,27.5,1,0,1
r066,altra,provision 6,0,0,0,1,0,0,0,1,9.1,0.0,0,1,1,0,0,0,0,0,3,0,5,0,0,0,0,28.0,28.0,0,0,0
r067,altra,provision 7,0,0,1,1,0,0,0,1,9.1,4.8,0,1,1,3,3,4,4,5,1,5,5,5,1,0,0,32.6,27.8,1,0,1
r068,altra,provision 8,0,0,1,1,0,0,0,1,9.6,0.2,0,1,1,3,3,3,4,3,3,5,5,3,1,0,0,26.0,25.8,0,0,1
r069,altra,rivera 2,1,0,1,1,1,0,1,0,8.6,2.8,0,1,1,5,0,0,0,0,3,0,3,1,1,0,0,24.6,21.8,0,0,0
r070,altra,rivera 3,0,0,1,1,0,0,1,0,9.1,1.7,0,1,1,5,2,4,4,3,3,5,5,3,3,0,0,28.4,26.7,0,0,1
r071,altra,rivera 4,1,0,1,1,1,0,1,0,8.3,0.4,0,1,1,5,3,2,4,3,1,5,5,1,1,0,0,28.4,28.0,0,0,1
r072,altra,torin 6,0,0,1,1,0,0,1,0,9.0,0.0,0,1,1,3,0,0,0,5,3,0,5,3,1,0,0,25.1,25.1,1,0,1
r073,altra,torin 7,0,0,1,1,1,0,1,0,9.0,0.8,0,1,1,5,3,3,3,5,5,5,3,3,3,0,0,27.6,28.4,1,0,1
r074,altra,torin 8,0,0,1,1,0,0,1,0,9.7,0.1,0,1,1,3,4,4,4,3,3,5,3,3,5,0,0,27.6,27.7,0,0,1
r075,altra,vanish carbon 2,1,1,1,0,1,1,1,0,7.4,3.7,0,1,1,3,2,4,3,5,3,5,5,5,1,0,1,33.1,29.4,1,0,1
r076,altra,via olympus,0,0,1,1,0,0,1,0,10.5,1.6,0,1,1,3,0,2,0,3,3,0,5,5,1,0,0,34.2,32.6,0,0,1
r077,altra,via olympus 2,0,0,1,1,0,0,1,0,10.4,0.2,0,1,1,5,4,4,4,1,5,5,5,5,3,0,0,34.8,35.0,0,0,1
r078,apl,streamline,0,0,0,1,1,0,1,0,9.6,10.8,1,0,0,0,0,0,0,0,1,0,5,5,1,0,0,36.7,25.9,0,0,0
r079,asics,dynablast 3,1,0,1,1,0,0,1,0,8.7,9.7,1,1,1,3,4,3,4,1,3,5,5,3,5,0,0,35.7,26.0,0,0,1
r080,asics,dynablast 4,0,0,1,1,0,0,1,0,9.2,6.4,0,1,1,3,4,4,4,1,1,3,3,3,5,0,0,32.6,26.2,0,1,0
r081,asics,dynablast 5,0,0,1,1,0,0,1,0,9.3,7.6,0,1,1,3,4,4,4,3,3,3,3,5,5,0,0,39.4,31.8,0,0,1
r082,asics,gel contend 7,0,0,1,1,0,0,1,0,9.5,9.6,1,1,1,0,0,0,0,0,3,0,5,0,1,0,0,33.3,23.7,0,0,0
r083,asics,gel contend 8,0,0,1,1,0,0,1,0,9.2,9.1,1,1,1,3,0,0,0,5,1,0,5,1,5,0,0,31.1,22.0,1,0,1
r084,asics,gel contend 9,0,0,1,1,0,0,1,0,9.7,7.8,0,1,1,3,2,4,3,3,3,3,3,3,5,0,0,31.2,23.4,0,0,1
r085,asics,gel cumulus 23,0,0,1,1,0,0,1,0,9.8,10.8,1,0,0,0,0,0,0,3,1,0,5,3,5,0,0,35.9,25.1,0,0,1
r086,asics,gel cumulus 24,0,0,1,1,0,0,1,0,9.7,8.6,1,1,1,5,0,0,0,0,1,0,5,1,1,0,0,33.5,24.9,0,0,0
r087,asics,gel cumulus 25,0,0,1,1,0,0,1,0,9.5,11.2,1,0,0,5,3,4,0,3,1,1,3,3,3,0,0,38.4,27.2,0,0,1
r088,asics,gel cumulus 27,0,0,1,1,0,0,1,0,9.2,11.6,1,0,0,5,4,4,2,1,3,3,3,5,5,0,0,40.9,29.3,0,0,1
r089,asics,gel excite 10,0,0,1,1,0,0,1,0,9.5,11.8,1,0,0,3,3,4,4,3,3,3,3,3,3,0,0,35.2,23.4,0,0,1
r090,asics,gel excite 8,0,0,0,1,0,0,1,0,9.5,12.3,1,0,0,0,0,0,0,0,1,0,5,0,0,0,0,35.8,23.5,0,0,0
r091,asics,gel kayano 28,0,0,1,1,0,0,0,1,10.7,8.7,1,1,1,0,0,0,0,0,3,0,0,3,0,0,0,31.8,23.1,0,0,0
r092,asics,gel kayano 30,0,1,1,1,0,0,0,1,10.7,12.0,1,0,0,5,4,2,4,5,3,3,3,5,5,0,0,39.7,27.7,1,0,1
r093,asics,gel kayano 31,0,0,1,1,0,0,0,1,10.4,11.5,1,0,0,5,4,4,3,3,5,3,3,5,5,0,0,39.3,27.8,0,0,1
r094,asics,gel kayano 32,0,0,1,1,0,0,0,1,10.4,9.3,1,1,1,3,4,4,4,3,3,3,3,5,5,0,0,39.9,30.6,0,0,1
r095,asics,gel kayano lite 2,0,1,1,1,0,0,0,1,10.1,11.1,1,0,0,0,0,0,0,0,3,0,5,5,5,0,0,35.9,24.8,0,0,0
r096,asics,gel kayano lite 3,0,1,1,1,0,0,0,1,9.8,8.5,1,1,1,3,0,0,0,5,3,0,5,3,3,0,0,31.8,23.3,1,0,1
r097,asics,gel kinsei max,0,1,1,1,0,0,1,0,11.4,8.6,1,1,1,5,3,3,4,3,3,3,3,5,5,0,0,38.8,30.2,0,0,1
r098,asics,gel nimbus 24,0,1,0,1,0,0,1,0,9.3,8.7,1,1,1,0,0,0,0,0,3,0,5,0,0,0,0,38.7,30.0,0,0,0
r099,asics,gel nimbus 25,0,1,1,1,0,0,1,0,10.2,7.8,0,1,1,5,0,0,0,3,1,0,3,5,3,0,0,38.0,30.2,0,0,1
r100,asics,gel nimbus 26,0,1,1,1,0,0,1,0,10.7,8.4,1,1,1,5,4,4,4,3,5,3,3,5,3,0,0,40.4,32.0,0,0,1
r101,asics,gel nimbus 27,0,1,1,1,0,0,1,0,10.5,8.3,1,1,1,3,3,4,4,3,3,3,5,5,5,0,0,42.7,34.4,0,0,1
r102,asics,gel nimbus lite 3,0,1,0,1,0,0,1,0,9.0,9.9,1,1,1,0,0,0,0,0,3,0,5,0,0,0,0,34.9,25.0,0,0,0
r103,asics,gel pulse 11,0,0,0,1,0,0,1,0,11.1,8.7,1,1,1,0,0,0,0,0,3,0,5,0,0,0,0,34.0,25.3,0,0,0
r104,asics,gel pulse 13,0,0,1,1,0,0,1,0,10.3,11.0,1,0,0,3,2,0,0,5,1,3,3,1,3,0,0,32.6,21.6,1,0,1
r105,asics,gel pulse 14,0,0,1,1,0,0,1,0,10.4,9.7,1,1,1,3,2,4,4,3,3,3,3,3,5,0,0,32.0,22.3,0,0,1
r106,asics,gel pulse 15,1,0,1,1,0,0,1,0,8.4,8.1,1,1,1,3,3,4,4,3,3,3,3,5,5,0,0,35.3,27.2,0,0,1
r107,asics,glideride 3,0,1,1,1,0,0,1,0,9.5,11.1,1,0,0,5,0,2,0,3,1,0,5,5,1,0,0,42.7,31.6,0,0,1
r108,asics,glideride max,0,1,1,1,0,0,1,0,9.9,12.7,1,0,0,5,3,4,4,3,3,3,3,5,5,0,0,44.1,31.4,0,0,1
r109,asics,gt 1000 10,0,0,0,1,0,0,0,1,9.8,7.8,0,1,1,0,0,0,0,0,3,0,5,0,3,0,0,31.0,23.2,0,0,0
r110,asics,gt 1000 11,0,0,1,1,0,0,0,1,9.9,9.0,1,1,1,5,0,0,0,0,1,0,5,3,1,0,0,31.5,22.5,0,0,0
r111,asics,gt 1000 12,0,0,1,1,0,0,0,1,9.6,7.2,0,1,1,5,2,4,4,5,3,5,3,3,3,0,0,30.2,23.0,1,0,1
r112,asics,gt 1000 13,0,0,1,1,0,0,0,1,9.7,8.7,1,1,1,3,3,4,4,3,3,3,3,5,5,0,0,33.7,25.0,0,0,1
r113,asics,gt 1000 14,0,0,1,1,0,0,0,1,9.6,9.6,1,1,1,5,3,4,4,1,3,3,3,5,3,0,0,35.4,25.8,0,0,1
r114,asics,gt 1000 9,0,0,1,1,0,0,0,1,10.1,6.0,0,1,1,0,0,0,0,0,3,0,5,5,5,0,0,31.6,25.6,0,0,0
r115,asics,gt 2000 10,0,0,1,1,0,0,0,1,9.9,7.5,0,1,1,0,0,0,0,0,3,0,5,3,5,0,0,31.5,24.0,0,0,0
r116,asics,gt 2000 11,0,0,1,1,0,0,0,1,9.9,6.0,0,1,1,3,0,0,0,3,1,0,5,3,3,0,0,30.7,24.7,0,0,1
r117,asics,gt 2000 12,0,0,1,1,0,0,0,1,9.7,10.0,1,1,1,3,3,4,4,3,3,3,3,5,5,0,0,36.6,26.6,0,0,1
r118,asics,gt 2000 13,0,0,1,1,0,0,0,1,9.3,9.4,1,1,1,5,4,4,4,3,3,3,3,5,5,0,0,36.6,27.2,0,0,1
r119,asics,gt 2000 14,0,0,1,1,0,0,0,1,9.5,8.7,1,1,1,5,3,4,4,1,3,1,3,5,5,0,0,36.9,28.2,0,0,1
r120,asics,jolt 4,0,0,1,1,0,0,1,0,9.1,9.4,1,1,1,3,2,3,4,5,3,5,3,5,5,0,0,31.6,22.2,1,0,1
r121,asics,magic speed,1,1,0,0,1,0,1,0,8.2,8.3,1,1,1,3,0,0,0,5,1,0,5,5,1,0,1,32.5,24.2,1,0,1
r122,asics,magic speed 2,1,1,0,0,1,0,1,0,8.0,8.7,1,1,1,0,0,0,0,5,1,0,5,5,1,0,1,35.1,26.4,1,0,1
r123,asics,magic speed 3,1,1,1,0,1,0,1,0,7.4,9.8,1,1,1,5,2,3,4,3,1,3,5,5,1,0,1,36.3,26.5,0,0,1
r124,asics,magic speed 4,1,1,1,0,1,1,1,0,8.4,9.6,1,1,1,5,4,4,4,5,3,3,5,5,1,0,1,42.5,32.9,1,0,1
r125,asics,megablast,1,1,1,0,1,1,1,0,7.7,9.9,1,1,1,5,2,4,4,3,3,3,5,5,3,0,0,45.1,35.2,0,0,1
r126,asics,metaspeed edge,1,1,0,0,0,1,1,0,6.2,8.0,1,1,1,0,0,0,0,0,1,0,5,5,1,0,1,31.6,23.6,0,0,0
r127,asics,metaspeed edge tokyo,1,1,1,0,0,1,1,0,5.6,6.9,0,1,1,5,2,4,4,5,1,3,3,5,1,0,1,38.9,32.0,1,0,1
r128,asics,metaspeed edge+,1,1,0,0,0,1,1,0,7.3,8.1,1,1,1,1,0,0,0,5,1,0,5,5,1,0,1,33.3,25.2,1,0,1
r129,asics,metaspeed ray,1,1,1,0,0,1,1,0,4.6,9.8,1,1,1,5,2,4,3,3,1,1,3,3,1,0,1,39.8,30.0,0,0,1
r130,asics,metaspeed sky,1,1,0,0,0,1,1,0,6.7,2.5,0,1,1,0,0,0,0,5,1,0,0,5,0,0,1,33.7,31.2,1,0,1
r131,asics,metaspeed sky paris,1,1,1,0,0,1,1,0,6.5,6.5,0,1,1,3,4,4,4,5,1,3,5,5,1,0,1,39.1,32.6,1,0,1
r132,asics,metaspeed sky tokyo,1,1,1,0,0,1,1,0,5.7,6.0,0,1,1,5,2,4,3,5,1,1,5,5,1,0,1,38.7,32.7,1,0,1
r133,asics,metaspeed sky+,1,1,0,0,0,1,1,0,7.2,2.7,0,1,1,0,0,4,0,5,1,0,5,5,1,0,1,33.5,30.8,1,0,1
r134,asics,noosa tri 14,1,1,1,1,1,0,1,0,7.5,8.0,1,1,1,5,0,0,0,3,1,0,5,3,1,0,0,30.2,22.2,0,0,1
r135,asics,noosa tri 15,1,1,1,1,1,0,1,0,7.7,7.7,0,1,1,5,2,4,4,5,5,3,3,5,3,0,0,34.6,26.9,1,0,1
r136,asics,noosa tri 16,1,0,1,1,1,0,1,0,7.7,5.9,0,1,1,5,2,4,3,5,5,5,3,5,3,0,0,32.8,26.9,1,0,1
r137,asics,novablast 2,0,1,1,1,1,0,1,0,9.6,13.7,1,0,0,0,0,0,0,0,3,0,0,1,0,0,0,39.3,25.6,0,0,0
r138,asics,novablast 4,0,1,1,1,0,0,1,0,9.1,9.0,1,1,1,5,3,4,4,3,1,3,5,5,3,0,0,39.2,30.2,0,0,1
r139,asics,novablast 5,0,1,1,1,1,0,1,0,9.0,7.4,1,1,1,5,2,3,4,3,3,3,3,5,3,0,0,40.9,33.5,0,0,1
r140,asics,sonicblast,0,1,1,1,1,0,1,0,9.0,9.0,1,1,1,5,2,4,3,5,1,1,5,5,1,0,0,45.4,36.4,1,0,1
r141,asics,superblast,1,1,1,1,1,0,1,0,8.6,7.9,0,1,1,3,2,3,4,3,1,3,5,5,3,0,0,42.7,34.8,0,0,1
r142,asics,superblast 2,0,1,1,1,1,0,1,0,8.9,8.2,1,1,1,5,4,4,4,5,3,3,5,5,3,0,0,42.8,34.6,1,0,1
r143,asics,versablast 4,0,0,1,1,0,0,1,0,10.2,9.4,1,1,1,3,3,3,4,1,1,1,3,3,3,0,0,36.1,26.7,0,0,1
r144,brooks,addiction gts 15,0,0,1,1,0,0,0,1,12.5,12.1,1,0,0,1,3,4,4,3,3,3,5,5,3,0,0,36.5,24.4,0,0,1
r145,brooks,adrenaline gts 22,0,0,0,1,0,0,0,1,10.4,14.7,1,0,0,0,0,0,0,0,3,0,5,0,0,0,0,37.4,22.7,0,0,0
r146,brooks,adrenaline gts 23,0,0,1,1,0,0,0,1,10.1,12.6,1,0,0,5,2,4,4,5,3,3,3,5,5,0,0,34.1,21.5,1,0,1
r147,brooks,adrenaline gts 24,0,0,1,1,0,0,0,1,10.3,13.5,1,0,0,3,3,4,4,3,3,3,3,5,5,0,0,39.0,25.5,0,0,1
r148,brooks,anthem 4,1,0,1,1,0,0,1,0,8.6,11.1,1,0,0,0,0,0,0,3,1,0,5,1,5,0,0,32.5,21.4,0,0,1
r149,brooks,aurora-bl,1,1,1,1,0,0,1,0,8.7,8.7,1,1,1,5,2,2,4,3,1,3,5,1,3,0,0,37.0,28.3,0,0,1
r150,brooks,beast gts 23,0,0,1,1,0,0,0,1,12.4,11.9,1,0,0,3,3,3,4,3,3,3,5,5,5,0,0,36.4,24.5,0,0,1
r151,brooks,beast gts 24,0,0,1,1,0,0,0,1,12.6,12.7,1,0,0,1,3,3,4,1,3,3,3,5,5,0,0,38.5,25.8,0,0,1
r152,brooks,ghost 14,0,0,1,1,0,0,1,0,10.1,12.4,1,0,0,0,0,0,0,3,1,0,5,3,5,0,0,33.8,21.4,0,0,1
r153,brooks,ghost 15,0,0,1,1,0,0,1,0,9.8,13.2,1,0,0,5,2,3,4,3,1,3,1,3,5,0,0,36.3,23.1,0,0,1
r154,brooks,ghost 16,0,0,1,1,0,0,1,0,9.4,12.4,1,0,0,3,3,4,4,3,3,3,1,3,5,0,0,35.1,22.7,0,0,1
r155,brooks,ghost 17,0,0,1,1,0,0,1,0,10.2,10.4,1,0,0,5,3,4,4,3,3,1,3,3,5,0,0,36.2,25.8,0,0,1
r156,brooks,ghost max,0,1,1,1,0,0,1,0,10.3,9.5,1,1,1,5,2,4,4,3,1,3,5,5,5,0,0,39.8,30.3,0,0,1
r157,brooks,ghost max 3,0,0,1,1,0,0,1,0,10.7,7.3,0,1,1,5,3,4,4,3,3,3,5,5,5,0,0,38.5,31.2,0,0,1
r158,brooks,ghostmax 2,0,0,1,1,0,0,1,0,10.8,9.9,1,1,1,3,3,4,4,5,3,3,5,5,5,0,0,39.0,29.1,1,0,1
r159,brooks,glycerin 19,0,0,1,1,0,0,1,0,10.4,11.8,1,0,0,0,0,0,0,0,1,0,0,3,0,0,0,38.1,26.3,0,0,0
r160,brooks,glycerin 20,0,0,1,1,0,0,1,0,10.5,12.8,1,0,0,3,0,0,0,3,1,0,3,3,3,0,0,37.1,24.3,0,0,1
r161,brooks,glycerin 21,0,0,1,1,0,0,1,0,9.8,10.6,1,0,0,3,3,4,4,3,3,3,3,1,5,0,0,37.2,26.6,0,0,1
r162,brooks,glycerin 22,0,0,1,1,0,0,1,0,10.3,10.3,1,0,0,5,3,4,4,5,3,3,3,5,3,0,0,38.5,28.2,1,0,1
r163,brooks,glycerin gts 20,0,0,1,1,0,0,0,1,10.9,11.0,1,0,0,3,2,2,4,3,1,3,5,5,5,0,0,36.5,25.5,0,0,1
r164,brooks,glycerin gts 21,0,0,1,1,0,0,0,1,10.6,10.7,1,0,0,3,3,4,4,3,3,3,3,5,5,0,0,37.2,26.5,0,0,1
r165,brooks,glycerin gts 22,0,0,1,1,0,0,0,1,10.8,10.1,1,0,0,3,3,4,4,5,3,3,3,5,3,0,0,37.8,27.7,1,0,1
r166,brooks,glycerin max,0,1,1,1,0,0,1,0,10.8,6.6,1,1,1,5,3,4,3,5,3,3,5,5,3,0,0,42.3,35.7,1,0,1
r167,brooks,glycerin stealthfit 20,0,0,1,1,0,0,1,0,9.9,12.5,1,0,0,3,3,4,4,5,1,3,5,5,3,0,0,38.8,26.3,1,0,1
r168,brooks,glycerin stealthfit 21,0,0,1,1,0,0,1,0,9.1,10.5,1,0,0,3,3,3,4,1,3,3,3,3,3,0,0,36.9,26.4,0,0,1
r169,brooks,hyperion,1,0,1,0,1,0,1,0,7.4,12.3,1,0,0,3,2,3,4,3,1,5,3,1,3,0,0,30.0,17.7,0,0,1
r170,brooks,hyperion 2,1,0,1,0,1,1,1,0,7.2,9.8,1,1,1,3,3,2,3,5,3,3,3,3,3,0,0,32.2,22.4,1,0,1
r171,brooks,hyperion elite 4,1,1,1,0,1,1,1,0,7.8,11.8,1,0,0,3,3,4,4,5,1,3,5,5,1,0,1,39.1,27.3,1,0,1
r172,brooks,hyperion elite 4 pb,1,0,1,0,0,1,1,0,6.9,11.7,1,0,0,5,3,4,3,5,1,3,5,5,1,0,1,38.5,26.8,1,0,1
r173,brooks,hyperion elite 5,1,1,1,0,0,1,1,0,7.2,11.2,1,0,0,5,3,4,2,5,1,3,5,5,1,0,1,37.6,26.4,1,0,1
r174,brooks,hyperion gts,1,0,1,0,1,0,0,1,8.0,9.9,1,1,1,5,3,4,4,5,1,3,3,3,3,0,0,28.6,18.7,1,0,1
r175,brooks,hyperion gts 2,1,0,1,1,1,0,0,1,7.8,10.7,1,0,0,3,3,4,4,3,3,3,3,5,3,0,0,33.0,22.3,0,0,1
r176,brooks,hyperion max 2,0,1,1,0,1,0,1,0,9.2,6.8,0,1,1,3,3,3,4,3,3,3,5,5,3,0,0,33.2,26.4,0,0,1
r177,brooks,hyperion max 3,0,1,1,1,1,0,1,0,10.0,10.6,1,0,0,5,4,3,4,3,3,3,3,5,3,0,0,45.6,35.0,0,0,1
r178,brooks,hyperion tempo,1,0,1,0,1,0,1,0,7.0,9.0,1,1,1,3,4,3,4,3,3,3,1,1,3,0,0,28.7,19.7,0,0,1
r179,brooks,launch 10,1,0,1,1,1,0,1,0,8.1,10.0,1,1,1,5,3,4,4,3,3,3,3,3,3,0,0,33.8,23.8,0,0,1
r180,brooks,launch 11,1,0,1,1,1,0,1,0,8.4,9.5,1,1,1,3,3,2,4,3,3,3,3,5,5,0,0,33.5,24.0,0,0,1
r181,brooks,launch 8,1,0,1,1,1,0,1,0,8.5,9.6,1,1,1,0,0,0,0,0,1,0,0,3,0,0,0,30.5,20.9,0,0,0
r182,brooks,launch 9,1,0,1,1,1,0,1,0,7.9,9.4,1,1,1,3,0,0,0,0,1,0,5,5,1,0,0,32.4,23.0,0,0,0
r183,brooks,launch gts 10,1,0,1,1,1,0,0,1,8.5,12.2,1,0,0,5,3,4,4,3,3,3,5,5,3,0,0,35.4,23.2,0,0,1
r184,brooks,launch gts 9,1,0,1,1,1,0,0,1,8.6,10.4,1,0,0,3,3,4,4,1,1,3,5,5,5,0,0,33.8,23.4,0,0,1
r185,brooks,levitate 5,0,0,1,1,0,0,1,0,10.7,9.1,1,1,1,0,0,0,0,0,3,0,5,3,5,0,0,31.4,22.3,0,0,0
r186,brooks,levitate 6,0,0,1,1,0,0,1,0,10.7,7.7,0,1,1,5,4,4,4,5,1,3,5,3,3,0,0,34.3,26.6,1,0,1
r187,brooks,levitate stealthfit 5,0,0,1,1,0,0,1,0,10.1,9.5,1,1,1,5,4,4,4,1,1,5,5,1,3,0,0,28.0,18.5,0,1,0
r188,brooks,levitate stealthfit 6,0,0,1,1,0,0,1,0,9.9,7.5,0,1,1,3,4,4,4,1,1,3,5,3,3,0,0,32.9,25.4,0,0,1
r189,brooks,revel 5,1,0,1,1,0,0,1,0,8.7,9.6,1,1,1,0,0,0,0,3,3,0,5,3,3,0,0,28.5,18.9,0,0,1
r190,brooks,revel 6,0,0,1,1,0,0,1,0,9.2,13.2,1,0,0,3,2,2,4,3,1,3,5,5,5,0,0,32.9,19.7,0,0,1
r191,brooks,revel 7,0,0,1,1,0,0,1,0,9.1,9.8,1,1,1,5,4,3,4,5,3,3,3,5,5,0,0,32.0,22.2,1,0,1
r192,brooks,ricochet 3,0,0,1,1,0,0,1,0,9.1,6.8,0,1,1,0,0,0,0,0,3,0,0,3,0,0,0,27.6,20.8,0,0,0
r193,brooks,trace 2,1,0,1,1,0,0,1,0,8.8,12.3,1,0,0,3,3,3,4,5,1,3,5,3,3,0,0,34.2,21.9,1,0,1
r194,brooks,trace 3,0,0,1,1,0,0,1,0,9.1,11.9,1,0,0,3,2,4,4,3,3,3,3,3,5,0,0,34.1,22.2,0,0,1
r195,diadora,atomo star,0,1,1,1,0,0,1,0,9.5,7.8,0,1,1,5,3,2,4,3,1,1,3,5,5,0,0,39.9,32.1,0,0,1
r196,diadora,cellula,0,0,1,1,0,0,1,0,9.8,7.2,0,1,1,5,3,4,4,3,1,3,5,5,5,0,0,41.9,34.7,0,0,1
r197,diadora,nucleo 2,0,0,1,1,0,0,1,0,9.7,8.0,1,1,1,5,2,4,4,3,3,3,3,5,3,0,0,38.7,30.7,0,0,1
r198,hoka,arahi 7,0,1,1,1,0,0,0,1,9.4,6.3,0,1,1,3,4,4,4,3,3,1,5,5,5,0,0,34.2,27.9,0,0,1
r199,hoka,arahi 8,0,1,1,1,0,0,0,1,9.1,11.3,1,0,0,5,4,4,4,1,3,3,5,5,3,0,0,39.4,28.1,0,0,1
r200,hoka,bondi 8,0,1,1,1,0,0,1,0,11.0,6.2,0,1,1,5,0,0,0,3,1,1,5,5,3,0,0,36.2,30.0,0,0,1
r201,hoka,bondi 9,0,1,1,1,0,0,1,0,10.7,9.1,1,1,1,3,4,4,4,3,3,3,3,5,3,0,0,41.3,32.2,0,0,1
r202,hoka,cielo x1 2.0,1,1,1,0,1,1,1,0,7.3,10.7,1,0,0,5,2,2,3,5,1,3,5,5,1,0,1,38.8,28.1,1,0,1
r203,hoka,clifton 10,0,1,1,1,0,0,1,0,9.7,12.4,1,0,0,5,4,4,3,3,3,3,3,5,3,0,0,44.4,32.0,0,0,1
r204,hoka,clifton 8,0,1,1,1,0,0,1,0,9.0,8.6,1,1,1,0,0,0,0,1,1,0,5,5,5,0,0,33.7,25.1,0,0,1
r205,hoka,clifton 9,1,1,1,1,0,0,1,0,8.8,6.1,0,1,1,3,0,0,0,3,1,1,5,5,5,0,0,32.7,26.6,0,0,1
r206,hoka,clifton 9 gtx,0,1,1,1,0,0,1,0,9.6,8.6,1,1,1,3,4,4,4,3,1,1,5,5,5,0,0,37.2,28.6,0,0,1
r207,hoka,gaviota 5,0,0,1,1,0,0,0,1,10.5,2.2,0,1,1,5,3,2,4,5,5,5,5,5,3,0,0,34.9,32.7,1,0,1
r208,hoka,kawana 2,0,0,1,1,0,0,1,0,10.5,5.2,0,1,1,3,3,4,4,3,1,1,5,3,5,0,0,33.2,28.0,0,0,1
r209,hoka,mach 4,1,1,1,1,1,0,1,0,7.9,4.9,0,1,1,0,0,0,0,0,1,0,0,3,0,0,0,30.6,25.7,0,0,0
r210,hoka,mach 5,1,1,1,1,1,0,1,0,7.9,5.7,0,1,1,5,0,0,0,3,1,0,1,1,3,0,0,30.7,25.0,0,0,1
r211,hoka,mach 6,1,1,1,1,0,0,1,0,8.2,9.6,1,1,1,3,3,2,4,5,3,1,3,5,5,0,0,36.0,26.4,1,0,1
r212,hoka,mach x 3,0,1,1,1,1,0,1,0,9.3,9.5,1,1,1,5,3,4,4,3,1,1,5,5,1,0,0,42.9,33.4,0,0,1
r213,hoka,rincon 4,1,1,1,1,0,0,0,1,8.1,9.4,1,1,1,5,2,3,2,5,1,1,3,5,5,0,0,36.0,26.6,1,0,1
r214,hoka,rocket x 3,1,1,1,0,0,1,1,0,7.8,10.0,1,1,1,5,3,4,4,5,1,1,5,5,1,0,1,39.6,29.6,1,0,1
r215,hoka,skyflow,0,0,1,1,0,0,1,0,9.9,8.7,1,1,1,5,3,4,4,5,3,1,5,5,5,0,0,39.3,30.6,1,0,1
r216,hoka,skyward x,0,1,1,1,1,0,1,0,11.1,9.2,1,1,1,5,4,4,4,5,1,1,5,5,5,0,1,46.3,37.1,1,0,1
r217,hoka,solimar,1,0,1,1,0,0,1,0,8.2,6.4,0,1,1,3,4,3,0,3,1,1,3,3,1,0,0,30.4,24.0,0,0,1
r218,hoka,transport x,0,1,1,1,0,0,1,0,9.7,9.4,1,1,1,3,2,2,4,5,3,3,5,5,5,0,1,40.2,30.8,1,0,1
r219,inov8,roadfly,0,0,1,1,0,0,1,0,8.9,9.4,1,1,1,3,2,3,3,5,3,5,5,3,1,0,0,31.5,22.1,1,0,1
r220,jordan,react havoc,0,0,0,1,0,0,1,0,9.5,10.2,1,0,0,0,0,0,0,0,1,0,5,0,0,0,0,32.3,22.1,0,0,0
r221,merrell,vapor glove 6,1,0,0,1,0,0,1,0,5.6,0.0,0,1,1,0,3,3,3,3,3,5,1,1,1,0,0,7.6,7.6,0,0,1
r222,mizuno,mizuno wave horizon 7,0,0,1,1,0,0,0,1,11.6,7.2,1,1,1,3,3,2,4,3,3,5,5,5,5,0,0,39.1,31.9,0,0,1
r223,mizuno,neo vista,0,1,1,1,1,0,1,0,9.1,9.6,1,1,1,5,4,4,4,3,3,3,3,5,1,0,0,44.9,35.3,0,0,1
r224,mizuno,neo vista 2,0,1,1,1,1,0,1,0,9.3,8.5,1,1,1,5,4,4,4,3,3,3,3,5,1,0,0,46.0,37.5,0,0,1
r225,mizuno,neo zen,1,0,1,1,1,0,1,0,8.3,7.0,0,1,1,5,4,4,4,3,3,3,3,3,1,0,0,41.0,34.0,0,0,1
r226,mizuno,wave horizon 6,0,0,1,1,0,0,0,1,11.0,6.5,0,1,1,3,0,0,0,0,3,0,5,3,5,0,0,37.1,30.6,0,0,0
r227,mizuno,wave inspire 19,0,0,1,1,0,0,0,1,10.3,12.4,1,0,0,5,3,3,4,3,3,5,3,3,5,0,0,38.2,25.8,0,0,1
r228,mizuno,wave inspire 20,0,0,1,1,0,0,0,1,10.7,12.6,1,0,0,3,4,4,4,3,3,3,3,5,5,0,0,37.7,25.1,0,0,1
r229,mizuno,wave inspire 21,0,0,1,1,0,0,0,1,10.1,12.9,1,0,0,3,3,4,4,3,5,3,3,3,5,0,0,38.0,25.1,0,0,1
r230,mizuno,wave rebellion,1,1,1,0,1,0,1,0,8.7,7.7,0,1,1,3,3,3,2,3,3,3,5,5,5,0,0,36.4,28.7,0,0,1
r231,mizuno,wave rebellion flash 2,1,1,0,0,1,0,1,0,8.4,2.9,0,1,1,5,3,2,4,3,3,3,3,5,3,0,0,35.2,32.3,0,0,1
r232,mizuno,wave rebellion pro,1,1,1,0,0,1,1,0,7.5,4.9,0,1,1,1,2,3,2,3,1,3,5,5,1,0,1,38.2,33.3,0,0,1
r233,mizuno,wave rebellion pro 2,1,1,1,0,0,1,1,0,7.4,2.1,0,1,1,5,2,4,2,3,1,3,5,5,1,0,1,37.9,35.8,0,0,1
r234,mizuno,wave rider 25,0,0,1,1,0,0,1,0,9.5,12.3,1,0,0,0,0,0,0,0,3,0,5,3,5,0,0,38.4,26.1,0,0,0
r235,mizuno,wave rider 26,0,0,1,1,0,0,1,0,10.3,11.8,1,0,0,5,0,0,0,3,3,0,5,3,5,0,0,39.2,27.4,0,0,1
r236,mizuno,wave rider 27,0,0,1,1,0,0,1,0,9.8,13.2,1,0,0,3,3,4,4,3,3,3,3,3,5,0,0,38.3,25.1,0,0,1
r237,mizuno,wave rider 28,0,0,1,1,0,0,1,0,9.7,14.7,1,0,0,3,3,4,3,3,3,5,3,5,3,0,0,39.3,24.6,0,0,1
r238,mizuno,wave rider 29,0,0,1,1,0,0,1,0,9.1,8.3,1,1,1,5,3,4,3,3,3,5,3,5,5,0,0,37.5,29.2,0,0,1
r239,mizuno,wave sky 7,0,0,1,1,0,0,1,0,10.4,10.9,1,0,0,3,4,4,4,3,3,3,5,5,3,0,0,40.9,30.0,0,0,1
r240,mizuno,wave sky 8,0,0,1,1,0,0,1,0,9.6,10.0,1,1,1,5,4,4,2,3,3,3,3,3,3,0,0,40.7,30.7,0,0,1
r241,new balance,foam arishi v4,1,0,1,1,0,0,1,0,8.5,7.7,0,1,1,5,2,2,4,3,3,3,1,1,1,0,0,28.1,20.4,0,0,1
r242,new balance,fresh foam 1080 v11,0,1,1,1,0,0,1,0,9.2,8.0,1,1,1,0,0,0,0,0,1,0,0,3,0,0,0,34.2,26.2,0,0,0
r243,new balance,fresh foam 680 v8,0,0,1,1,0,0,1,0,9.2,7.8,0,1,1,5,4,4,4,5,3,3,1,1,3,0,0,35.4,27.6,1,0,1
r244,new balance,fresh foam 860 v11,0,0,0,1,0,0,0,1,10.6,12.4,1,0,0,0,0,0,0,0,3,0,5,0,0,0,0,34.2,21.8,0,0,0
r245,new balance,fresh foam 860 v12,0,0,0,1,0,0,0,1,11.0,13.3,1,0,0,0,0,0,0,0,3,0,5,0,0,0,0,33.6,20.3,0,0,0
r246,new balance,fresh foam more v3,0,0,1,1,0,0,1,0,10.4,7.8,0,1,1,5,0,0,0,1,3,0,5,3,3,0,0,37.5,29.7,0,1,0
r247,new balance,fresh foam roav v2,1,0,1,1,0,0,1,0,8.4,7.2,0,1,1,3,0,0,0,1,1,0,3,1,1,0,0,32.2,25.0,0,1,0
r248,new balance,fresh foam x 1080 v12,0,0,1,1,0,0,1,0,10.1,3.3,0,1,1,5,0,0,0,0,1,0,3,3,1,0,0,26.9,23.6,0,0,0
r249,new balance,fresh foam x 1080 v13,0,1,1,1,0,0,1,0,9.3,5.6,0,1,1,5,3,4,4,5,3,3,3,1,5,0,0,34.1,28.5,1,0,1
r250,new balance,fresh foam x 1080 v14,0,1,1,1,0,0,1,0,10.1,4.2,1,1,1,5,4,3,4,3,3,1,3,5,5,0,0,37.0,32.8,0,0,1
r251,new balance,fresh foam x 860 v14,0,0,1,1,0,0,0,1,10.4,9.3,1,1,1,5,3,2,3,3,3,3,3,3,5,0,0,36.8,27.5,0,0,1
r252,new balance,fresh foam x 880 v14,0,0,1,1,0,0,1,0,8.9,8.0,1,1,1,5,3,2,3,3,3,5,3,3,3,0,0,33.0,25.0,0,0,1
r253,new balance,fresh foam x 880 v14 gtx,0,0,1,1,0,0,1,0,9.2,11.3,1,0,0,5,4,3,4,1,3,3,3,5,5,0,0,35.4,24.1,0,1,0
r254,new balance,fresh foam x 880 v15,0,1,1,1,0,0,1,0,10.1,4.3,0,1,1,5,3,4,3,3,3,3,5,5,5,0,0,39.7,35.4,0,0,1
r255,new balance,fresh foam x balos,1,1,1,1,0,0,1,0,8.7,5.9,0,1,1,5,2,4,4,3,3,3,3,5,5,0,0,37.8,31.9,0,0,1
r256,new balance,fresh foam x evoz v3,0,0,1,1,0,0,1,0,9.1,7.9,0,1,1,3,3,3,4,1,1,3,3,3,5,0,0,34.3,26.4,0,0,1
r257,new balance,fresh foam x evoz v4,0,0,1,1,0,0,1,0,10.1,5.5,0,1,1,5,3,3,3,3,3,3,5,5,5,0,0,31.4,25.9,0,0,1
r258,new balance,fresh foam x kaiha road,0,0,1,1,0,0,1,0,9.9,3.8,0,1,1,5,2,2,4,3,3,3,5,5,3,0,0,35.8,32.0,0,0,1
r259,new balance,fresh foam x more v4,0,0,1,1,0,0,1,0,10.6,4.6,0,1,1,5,2,0,0,1,1,1,3,1,1,0,0,32.5,27.9,0,0,1
r260,new balance,fresh foam x more v5,0,1,1,1,0,0,1,0,10.9,7.8,0,1,1,5,3,3,4,5,3,1,5,5,5,0,0,42.1,34.3,1,0,1
r261,new balance,fresh foam x more v6,0,0,1,1,0,0,1,0,10.7,3.3,0,1,1,5,3,4,4,1,3,3,5,3,3,0,0,41.8,38.5,0,0,1
r262,new balance,fresh foam x tempo v2,1,0,1,1,1,0,1,0,8.6,7.0,0,1,1,5,4,3,4,1,1,3,1,1,3,0,0,29.2,22.2,0,0,1
r263,new balance,fresh foam x vongo v6,0,1,1,1,0,0,0,1,11.0,5.6,0,1,1,5,3,4,4,1,3,3,3,3,5,0,0,36.1,30.5,0,1,0
r264,new balance,fuelcell propel v5,0,0,1,1,1,0,1,0,9.5,6.7,0,1,1,5,2,2,3,5,3,3,3,3,3,0,0,35.2,28.5,1,0,1
r265,new balance,fuelcell rc elite v2,1,1,1,0,0,1,1,0,7.7,8.3,1,1,1,0,0,0,0,3,1,0,5,5,1,0,1,34.1,25.8,0,0,1
r266,new balance,fuelcell rebel v2,1,1,0,0,1,0,1,0,7.1,8.9,1,1,1,0,0,0,0,5,1,0,3,1,1,0,0,26.2,17.3,1,0,1
r267,new balance,fuelcell rebel v3,1,0,1,0,1,0,1,0,7.4,9.0,1,1,1,5,3,2,0,5,1,1,3,1,3,0,0,31.7,22.7,1,0,1
r268,new balance,fuelcell rebel v4,1,1,1,1,1,0,1,0,7.5,6.5,0,1,1,5,2,4,4,3,3,5,1,1,1,0,0,28.0,21.5,0,0,1
r269,new balance,fuelcell rebel v5,1,1,1,1,1,0,1,0,7.8,6.3,0,1,1,5,2,4,4,3,3,3,3,1,3,0,0,33.0,26.7,0,0,1
r270,new balance,fuelcell supercomp elite v3,1,1,1,0,1,1,1,0,7.7,14.2,1,0,0,5,2,4,4,5,1,3,5,5,3,0,1,36.4,22.2,1,0,1
r271,new balance,fuelcell supercomp elite v4,1,1,1,0,0,1,1,0,8.2,9.3,1,1,1,5,3,3,4,3,3,5,5,5,1,0,1,38.2,28.9,0,0,1
r272,new balance,fuelcell supercomp elite v5,1,1,1,0,0,1,1,0,7.0,10.7,1,0,0,5,2,3,3,3,3,3,3,5,1,0,1,39.3,28.6,0,0,1
r273,new balance,fuelcell supercomp pacer v2,1,0,1,0,1,1,1,0,7.1,7.5,1,1,1,5,3,3,4,5,3,3,5,5,1,0,1,32.9,25.4,1,0,1
r274,new balance,fuelcell supercomp trainer,0,1,1,0,1,0,1,0,10.5,10.3,1,0,0,5,0,0,0,5,1,0,5,5,1,0,1,40.2,29.9,1,0,1
r275,new balance,fuelcell supercomp trainer v2,0,1,1,0,1,0,1,0,9.3,8.4,1,1,1,5,2,4,4,3,3,5,5,5,3,0,1,39.3,30.9,0,0,1
r276,new balance,fuelcell supercomp trainer v3,0,1,1,0,1,0,1,0,9.8,7.3,0,1,1,5,2,4,3,3,3,3,5,5,3,0,1,36.8,29.5,0,0,1
r277,new balance,propel v4,0,0,1,1,0,0,1,0,9.7,4.5,0,1,1,5,3,4,4,3,1,3,3,5,3,0,0,33.7,29.2,0,0,1
r278,nike,air winflo 9,0,0,1,1,0,0,1,0,9.8,10.8,1,0,0,5,3,0,0,3,1,3,5,3,5,0,0,35.0,24.2,0,0,1
r279,nike,air zoom pegasus 38,0,0,1,1,0,0,1,0,10.3,8.7,1,1,1,0,0,0,0,3,3,0,5,1,3,0,0,31.8,23.1,0,0,1
r280,nike,air zoom pegasus 38 flyease,0,0,0,1,0,0,1,0,9.7,8.7,1,1,1,0,0,0,0,0,3,0,5,0,0,0,0,31.8,23.1,0,0,0
r281,nike,air zoom pegasus 39,0,0,1,1,0,0,1,0,9.3,8.0,1,1,1,5,0,0,0,3,1,0,5,1,3,0,0,30.3,22.3,0,0,1
r282,nike,alphafly 2,1,1,0,0,0,1,1,0,8.5,4.7,0,1,1,5,4,0,0,5,1,1,5,5,1,0,1,38.6,33.9,1,0,1
r283,nike,alphafly 3,1,1,0,0,0,1,1,0,7.1,8.5,1,1,1,5,2,4,2,5,3,3,5,5,1,0,1,38.1,29.6,1,0,1
r284,nike,downshifter 11,1,0,0,1,0,0,1,0,8.8,11.6,1,0,0,0,0,0,0,0,1,0,5,3,3,0,0,31.5,19.9,0,0,0
r285,nike,downshifter 12,0,0,1,1,0,0,1,0,9.9,10.0,1,1,1,3,0,0,0,3,3,0,3,1,1,0,0,31.7,21.7,0,0,1
r286,nike,downshifter 13,0,0,1,1,0,0,1,0,9.3,10.1,1,0,0,3,3,4,4,3,3,3,3,3,3,0,0,32.2,22.1,0,0,1
r287,nike,flex experience run 10,1,0,0,1,0,0,1,0,7.1,10.4,0,0,0,0,0,0,0,0,1,0,1,0,0,0,0,24.1,13.7,0,0,0
r288,nike,flex experience run 11,1,0,1,1,0,0,1,0,8.2,6.2,0,1,1,1,3,0,0,3,3,1,1,1,1,0,0,24.1,17.9,0,0,1
r289,nike,flex experience run 12,1,0,1,1,0,0,1,0,8.5,6.0,0,1,1,1,3,4,2,3,3,3,1,1,1,0,0,25.9,19.9,0,0,1
r290,nike,flex run 2021,1,0,0,1,0,0,1,0,7.9,7.2,0,1,1,0,0,0,0,0,3,0,1,0,0,0,0,32.3,25.1,0,0,0
r291,nike,free rn nn,1,0,1,1,0,0,1,0,6.9,6.9,0,1,1,3,4,4,4,1,5,5,1,1,1,0,0,25.6,18.7,0,0,1
r292,nike,free run 5.0,1,0,0,1,0,0,1,0,6.2,8.1,0,1,1,0,0,0,0,0,5,0,1,1,1,0,0,23.4,15.3,0,0,0
r293,nike,infinityrn 4,0,0,1,1,0,0,1,0,11.1,9.8,1,1,1,5,4,3,4,3,3,3,3,3,1,0,0,34.2,24.4,0,0,1
r294,nike,interact run,1,0,1,1,0,0,1,0,8.5,9.3,1,1,1,3,4,4,3,5,3,3,3,3,3,0,0,29.7,20.4,1,0,1
r295,nike,invincible 3,0,0,1,1,0,0,1,0,10.0,9.6,1,1,1,5,0,0,0,3,1,0,3,5,3,0,0,35.2,25.6,0,0,1
r296,nike,journey run,0,0,1,1,0,0,1,0,10.5,8.6,1,1,1,3,3,3,3,3,3,1,3,5,5,0,0,33.0,24.4,0,0,1
r297,nike,pegasus 40,0,0,1,1,0,0,1,0,9.7,9.7,1,1,1,5,3,0,0,3,3,3,3,1,1,0,0,30.2,20.5,0,0,1
r298,nike,pegasus 41,0,0,1,1,0,0,1,0,9.9,11.4,1,0,0,5,3,4,4,3,3,3,1,1,5,0,0,33.6,22.2,0,0,1
r299,nike,pegasus 41 gtx,0,1,1,1,0,0,1,0,11.1,11.9,1,0,0,5,3,4,2,1,3,3,3,3,3,0,0,36.3,24.4,0,1,0
r300,nike,pegasus easyon,0,0,1,1,0,0,1,0,10.1,11.6,1,0,0,5,2,4,3,5,3,3,5,3,5,0,0,33.6,22.0,1,0,1
r301,nike,pegasus plus,1,0,1,1,1,0,1,0,8.6,9.4,1,1,1,5,3,4,3,3,3,3,3,3,5,0,0,33.0,23.6,0,0,1
r302,nike,pegasus premium,0,1,1,1,1,0,1,0,10.9,11.8,1,0,0,5,2,4,3,5,1,1,5,5,5,0,0,42.8,31.0,1,0,1
r303,nike,pegasus turbo,0,0,1,0,1,0,1,0,9.7,10.0,1,1,1,5,0,0,0,3,1,1,5,3,1,0,0,32.0,22.0,0,0,1
r304,nike,quest 4,0,0,0,1,0,0,1,0,9.5,13.7,1,0,0,0,0,0,0,0,3,0,5,5,5,0,0,32.1,18.4,0,0,0
r305,nike,quest 5,0,0,1,1,0,0,1,0,9.6,9.1,1,1,1,3,0,0,0,3,1,1,3,3,1,0,0,29.8,20.7,0,0,1
r306,nike,react infinity run flyknit 3,0,0,1,1,0,0,1,0,10.5,6.7,0,1,1,5,0,0,0,3,3,0,5,3,1,0,0,30.0,23.3,0,0,1
r307,nike,react miler 3,0,0,1,1,0,0,1,0,10.5,9.8,1,1,1,5,0,0,0,0,1,0,5,3,5,0,0,31.4,21.6,0,0,0
r308,nike,renew ride 2,0,0,0,1,0,0,1,0,10.1,8.3,1,1,1,0,0,0,0,0,3,0,5,0,0,0,0,37.6,29.3,0,0,0
r309,nike,renew ride 3,0,0,1,1,0,0,1,0,10.2,10.2,1,0,0,3,2,2,0,3,1,3,5,3,5,0,0,36.4,26.2,0,0,1
r310,nike,revolution 6,0,0,0,1,0,0,1,0,9.2,10.6,1,0,0,0,0,0,0,0,5,0,5,0,0,0,0,33.8,23.1,0,0,0
r311,nike,revolution 7,0,0,1,1,0,0,1,0,9.9,10.5,1,0,0,3,2,4,3,3,3,3,3,3,3,0,0,31.5,21.0,0,0,1
r312,nike,revolution 7 easyon,0,0,1,1,0,0,1,0,9.7,9.9,1,1,1,3,3,4,3,5,1,1,3,3,5,0,0,31.7,21.8,1,0,1
r313,nike,revolution 8,0,0,1,1,0,0,1,0,9.3,8.8,1,1,1,3,4,4,3,3,3,3,1,3,5,0,0,31.8,23.0,0,0,1
r314,nike,streakfly 2,1,0,0,0,1,1,1,0,4.5,3.7,0,1,1,5,2,4,3,5,1,1,1,1,1,0,1,27.0,23.3,1,0,1
r315,nike,structure 25,0,0,1,1,0,0,0,1,10.7,12.1,1,0,0,5,4,4,4,3,3,3,3,5,5,0,0,36.7,24.6,0,0,1
r316,nike,structure 26,0,0,1,1,0,0,0,1,10.4,10.1,1,0,0,5,3,4,4,3,3,3,3,5,3,0,0,36.1,26.0,0,0,1
r317,nike,vaporfly 3,1,1,0,0,0,1,1,0,6.7,11.1,1,0,0,5,2,4,4,5,3,3,5,5,3,0,1,37.1,26.0,1,0,1
r318,nike,vaporfly 4,1,0,1,0,0,1,1,0,5.9,8.6,1,1,1,5,4,3,2,3,1,3,5,5,1,0,1,34.1,25.5,0,0,1
r319,nike,vomero 17,0,0,1,1,0,0,1,0,9.9,7.7,0,1,1,5,3,4,4,3,3,3,3,3,3,0,0,33.9,26.2,0,0,1
r320,nike,vomero 18,0,1,1,1,0,0,1,0,10.5,13.9,1,0,0,5,3,4,3,3,3,1,3,5,3,0,0,42.5,28.6,0,0,1
r321,nike,vomero plus,0,0,1,1,0,0,1,0,10.2,9.6,1,1,1,5,3,4,4,3,3,3,5,5,3,0,0,42.3,32.7,0,0,1
r322,nike,vomero premium,0,1,1,1,0,0,1,0,11.5,8.8,1,1,1,5,3,4,4,3,3,1,5,5,5,0,0,50.1,41.3,0,0,1
r323,nike,winflo 10,0,0,1,1,0,0,1,0,9.5,9.7,1,1,1,5,3,3,4,3,3,3,3,3,1,0,0,33.5,23.8,0,0,1
r324,nike,winflo 11,0,0,1,1,0,0,1,0,10.4,12.3,1,0,0,5,3,4,4,3,1,3,3,5,3,0,0,37.6,25.3,0,0,1
r325,nike,winflo 11 gtx,0,0,1,1,0,0,1,0,10.9,13.3,1,0,0,5,4,4,2,1,3,3,3,5,5,0,0,39.0,25.7,0,1,0
r326,nike,zoom fly 4,0,1,1,0,1,0,1,0,9.6,7.1,0,1,1,0,0,0,0,0,1,0,5,5,1,1,1,38.4,31.3,0,0,0
r327,nike,zoom fly 5,0,1,1,1,1,0,1,0,9.8,7.5,0,1,1,5,0,0,0,1,1,1,5,5,3,0,1,36.9,29.4,0,0,1
r328,nike,zoom fly 6,1,1,1,0,1,1,1,0,8.7,9.6,1,1,1,5,4,4,4,3,1,3,5,5,5,0,1,39.7,30.1,0,0,1
r329,nike,zoomx invincible run flyknit 2,0,0,1,1,0,0,1,0,10.3,12.0,1,0,0,5,0,0,0,1,3,3,5,1,3,0,0,35.5,23.5,0,0,1
r330,nike,zoomx streakfly,1,1,1,0,1,0,1,0,6.0,6.3,0,1,1,5,0,0,0,5,1,3,1,1,1,0,0,31.7,25.4,1,0,1
r331,nike,zoomx vaporfly next% 2,1,1,0,0,0,1,1,0,6.9,7.7,0,1,1,5,0,0,0,5,1,0,5,5,1,0,1,38.6,30.9,1,0,1
r332,nobull,allday knit,0,0,1,1,0,0,1,0,10.6,12.0,1,0,0,1,0,0,0,3,1,0,5,3,1,0,0,31.8,19.8,0,0,1
r333,nobull,allday ripstop,0,0,1,1,0,0,1,0,10.5,11.4,1,0,0,3,0,0,0,3,1,0,5,3,1,0,0,31.3,19.9,0,0,1
r334,nobull,journey,0,0,1,1,0,0,1,0,9.4,9.4,1,1,1,5,0,0,0,5,1,0,5,3,1,0,0,35.2,25.8,1,0,1
r335,on,cloud x,1,0,1,1,1,0,1,0,8.5,10.1,1,0,0,1,3,2,4,3,3,5,3,1,1,0,0,27.9,17.8,0,0,1
r336,on,cloudboom echo 3,1,1,1,0,0,1,1,0,7.9,10.2,1,0,0,3,3,3,3,5,1,1,5,5,1,0,1,38.6,28.4,1,0,1
r337,on,cloudeclipse,0,1,1,1,0,0,1,0,9.6,9.4,1,1,1,3,3,2,4,3,3,3,5,5,3,0,0,39.9,30.5,0,0,1
r338,on,cloudflow 4,1,0,1,1,1,0,1,0,8.6,7.9,0,1,1,3,3,3,4,3,3,3,3,5,1,0,0,36.1,28.2,0,0,1
r339,on,cloudflyer 5,0,0,1,1,0,0,0,1,11.6,7.9,1,1,1,3,4,4,4,3,1,3,3,5,3,0,0,33.2,25.3,0,0,1
r340,on,cloudgo,0,0,1,1,1,0,1,0,9.1,11.2,1,0,0,3,2,2,4,3,3,3,3,3,1,0,0,33.8,22.6,0,0,1
r341,on,cloudmonster,0,1,1,1,0,0,1,0,9.9,6.8,0,1,1,3,0,0,0,5,1,0,3,3,1,0,0,34.9,28.1,1,0,1
r342,on,cloudmonster 2,0,1,1,1,0,0,1,0,10.3,6.6,0,1,1,3,4,3,4,1,5,3,5,3,3,0,0,37.9,31.3,0,0,1
r343,on,cloudmonster hyper,0,0,1,1,1,0,1,0,9.1,6.7,0,1,1,5,3,2,4,3,3,3,3,5,3,0,0,39.7,33.0,0,0,1
r344,on,cloudrunner 2,0,0,1,1,0,0,1,0,9.7,8.5,1,1,1,3,3,3,3,3,3,3,5,3,5,0,0,33.6,25.1,0,0,1
r345,on,cloudrunner 2 waterproof,0,0,1,1,0,0,0,1,11.4,8.3,1,1,1,3,3,2,4,1,1,3,5,5,5,0,0,35.8,27.5,0,1,0
r346,on,cloudspark,0,0,1,1,0,0,1,0,9.5,8.6,1,1,1,1,3,2,3,3,3,3,5,5,1,0,0,34.6,26.0,0,0,1
r347,on,cloudstratus 3,0,0,1,1,0,0,1,0,10.4,9.1,1,1,1,3,3,4,4,3,5,3,5,5,1,0,0,35.3,26.2,0,0,1
r348,on,cloudsurfer 7,1,0,1,1,0,0,1,0,8.4,14.6,1,0,0,3,2,2,4,3,3,3,1,1,1,0,0,36.3,21.7,0,0,1
r349,on,cloudsurfer max,0,0,1,1,0,0,1,0,10.3,7.9,0,1,1,3,3,3,3,1,3,3,5,3,3,0,0,37.3,29.4,0,0,1
r350,on,cloudsurfer next,0,0,1,1,0,0,1,0,9.3,4.5,0,1,1,1,3,2,3,1,3,3,5,5,3,0,0,33.8,29.3,0,0,1
r351,puma,deviate nitro 3,0,0,1,0,1,0,1,0,9.5,10.1,1,0,0,5,3,3,3,3,1,1,5,5,1,0,1,37.4,27.3,0,0,1
r352,puma,deviate nitro elite 3,1,1,1,0,1,1,1,0,7.2,10.6,1,1,1,5,2,4,3,3,3,1,5,5,1,0,1,39.2,28.6,0,0,1
r353,puma,magmax nitro,0,1,1,1,0,0,1,0,10.3,9.6,1,1,1,5,3,3,3,3,3,3,5,5,3,0,0,42.9,33.3,0,0,1
r354,puma,magnify nitro 2,0,0,1,1,0,0,1,0,9.9,9.3,1,1,1,5,4,2,4,1,3,1,3,5,3,0,0,37.1,27.8,0,0,1
r355,reebok,floatride energy 3,0,0,1,1,0,0,1,0,9.0,7.1,0,1,1,0,0,0,0,0,3,0,5,3,3,0,0,30.2,23.1,0,0,0
r356,reebok,floatride energy 5,0,0,1,1,0,0,1,0,9.0,6.0,0,1,1,3,2,3,4,1,3,3,5,1,1,0,0,30.2,24.2,0,0,1
r357,reebok,floatzig 1,0,1,1,1,0,0,1,0,10.1,7.0,1,1,1,3,3,3,2,3,3,3,3,3,3,0,0,36.8,29.8,0,0,1
r358,reebok,lite 3,1,0,0,1,0,0,1,0,8.7,13.4,1,0,0,3,0,0,0,1,3,0,5,1,1,0,0,32.7,19.3,0,0,1
r359,reebok,zig dynamica 4,0,0,1,1,0,0,1,0,12.4,8.5,1,1,1,3,3,2,4,3,3,1,5,3,3,0,0,32.0,23.5,0,0,1
r360,reebok,zig dynamica 5,0,0,1,1,0,0,1,0,10.5,6.3,0,1,1,3,3,2,4,3,3,1,5,5,3,0,0,34.1,27.8,0,0,1
r361,salomon,aero glide,0,1,1,1,0,0,1,0,9.3,11.0,1,0,0,3,3,3,4,3,3,3,5,5,3,0,0,35.2,24.2,0,0,1
r362,salomon,aero glide 2,0,1,1,1,0,0,1,0,9.5,11.3,1,0,0,3,4,3,3,3,3,3,3,5,3,0,0,35.5,24.2,0,0,1
r363,salomon,aero glide 3,1,0,1,1,0,0,1,0,8.7,10.3,1,0,0,3,2,3,3,3,1,1,3,5,1,0,0,42.2,31.9,0,0,1
r364,salomon,phantasm 2,0,0,1,1,1,0,1,0,9.2,11.2,1,0,0,3,2,4,3,3,3,5,5,5,3,0,0,34.4,23.2,0,0,1
r365,salomon,s/lab phantasm 2,1,0,1,0,1,1,1,0,7.5,5.1,0,1,1,5,2,4,4,3,3,3,3,5,1,0,1,31.5,26.4,0,0,1
r366,salomon,s/lab spectur,0,1,1,0,1,1,1,0,9.1,10.7,1,0,0,3,3,3,4,3,3,3,5,5,1,0,0,36.9,26.2,0,0,1
r367,salomon,spectur 2,0,1,1,0,1,0,1,0,9.1,11.0,1,0,0,3,3,3,4,1,3,3,5,5,1,0,1,35.9,24.9,0,0,1
r368,saucony,axon,0,1,1,1,1,0,1,0,9.9,5.5,0,1,1,0,0,0,0,0,3,0,0,3,0,0,0,35.3,29.8,0,0,0
r369,saucony,axon 2,0,1,1,1,1,0,1,0,9.9,7.8,0,1,1,3,2,0,0,3,1,1,5,5,5,0,0,35.3,27.5,0,0,1
r370,saucony,axon 3,1,1,1,1,1,0,1,0,8.6,5.7,0,1,1,5,3,4,4,3,3,3,5,5,3,0,0,33.6,27.9,0,0,1
r371,saucony,endorphin elite,1,1,1,0,0,1,1,0,7.2,8.0,1,1,1,5,2,4,4,5,3,3,5,5,1,0,1,39.9,31.9,1,0,1
r372,saucony,endorphin elite 2,1,1,1,0,0,1,1,0,6.9,7.5,0,1,1,5,4,4,4,5,3,3,5,5,1,0,1,39.9,32.4,1,0,1
r373,saucony,endorphin pro 2,1,1,1,0,0,1,1,0,7.6,10.0,1,1,1,0,0,0,0,5,1,0,5,5,1,0,1,35.8,25.8,1,0,1
r374,saucony,endorphin pro 3,1,1,0,0,0,1,1,0,7.3,9.3,1,1,1,5,0,0,0,0,1,0,5,5,1,0,1,35.0,25.7,0,0,0
r375,saucony,endorphin pro 4,1,1,1,0,0,1,1,0,7.8,9.5,1,1,1,3,4,4,4,5,3,3,5,5,1,0,1,38.1,28.6,1,0,1
r376,saucony,endorphin shift 2,0,1,1,1,0,0,1,0,10.0,4.3,0,1,1,0,0,0,0,0,3,0,5,5,3,0,0,37.3,33.0,0,0,0
r377,saucony,endorphin shift 3,0,1,1,1,0,0,1,0,9.6,6.5,0,1,1,3,0,0,0,3,1,0,5,3,3,0,0,39.6,33.1,0,0,1
r378,saucony,endorphin speed 2,1,1,1,0,1,0,1,0,8.1,9.2,1,1,1,0,0,0,0,3,3,0,5,3,3,0,0,35.3,26.1,0,0,1
r379,saucony,endorphin speed 3,1,1,1,0,1,0,1,0,7.9,7.4,0,1,1,5,0,0,0,3,3,0,3,1,1,0,0,34.1,26.7,0,0,1
r380,saucony,endorphin speed 4,1,1,1,0,1,0,1,0,8.4,8.7,1,1,1,3,3,4,4,5,3,1,3,3,3,0,0,36.2,27.5,1,0,1
r381,saucony,endorphin speed 5,1,1,1,0,1,0,1,0,8.5,10.6,1,0,0,5,3,4,4,5,3,3,3,5,5,0,0,37.4,26.8,1,0,1
r382,saucony,endorphin trainer,0,1,1,1,1,0,1,0,10.1,6.9,0,1,1,5,3,3,4,5,1,1,5,5,1,0,1,38.9,32.0,1,0,1
r383,saucony,freedom 4,1,0,1,1,0,0,1,0,8.0,5.2,0,1,1,0,0,0,0,0,3,0,0,1,0,0,0,26.4,21.2,0,0,0
r384,saucony,guide 14,0,0,1,1,0,0,0,1,10.8,9.4,1,1,1,0,0,0,0,0,3,0,0,1,0,0,0,33.8,24.4,0,0,0
r385,saucony,guide 15,0,0,1,1,0,0,0,1,9.8,7.1,0,1,1,3,0,0,0,0,1,0,5,3,5,0,0,31.6,24.5,0,0,0
r386,saucony,guide 17,0,0,1,1,0,0,0,1,9.7,7.0,0,1,1,3,3,4,4,3,3,3,3,3,5,0,0,34.9,27.9,0,0,1
r387,saucony,guide 18,0,0,1,1,0,0,0,1,9.8,8.3,1,1,1,3,4,3,4,5,3,3,3,5,1,0,0,36.0,27.7,1,0,1
r388,saucony,hurricane 24,0,0,1,1,0,0,0,1,11.1,6.3,0,1,1,5,2,3,3,5,3,3,5,5,3,0,0,40.5,34.2,1,0,1
r389,saucony,hurricane 25,0,0,1,1,0,0,0,1,10.1,7.1,0,1,1,5,3,3,4,1,3,3,3,5,5,0,0,40.2,33.1,0,0,1
r390,saucony,kinvara 12,1,0,1,0,1,0,1,0,7.7,4.6,0,1,1,0,0,0,0,0,3,0,0,1,0,0,0,26.1,21.5,0,0,0
r391,saucony,kinvara 13,1,0,1,0,1,0,1,0,7.2,4.5,0,1,1,3,0,0,0,0,1,0,3,1,3,0,0,26.9,22.4,0,0,0
r392,saucony,kinvara 14,1,0,1,0,1,0,1,0,6.8,4.1,0,1,1,3,2,0,0,5,3,1,1,1,3,0,0,30.3,26.2,1,0,1
r393,saucony,kinvara 15,1,0,1,1,1,0,1,0,6.8,4.4,0,1,1,3,2,4,4,5,3,3,1,1,1,0,0,27.9,23.5,1,0,1
r394,saucony,kinvara pro,0,0,1,1,1,0,1,0,9.9,10.3,1,0,0,3,4,4,4,1,3,1,5,5,3,0,1,45.6,35.3,0,0,1
r395,saucony,omni 22,0,0,1,1,0,0,0,1,10.1,7.3,0,1,1,3,2,4,4,3,3,3,1,3,1,0,0,33.0,25.7,0,0,1
r396,saucony,ride 14,0,0,1,1,0,0,1,0,10.1,9.5,1,1,1,0,0,0,0,3,3,0,5,1,5,0,0,33.9,24.4,0,0,1
r397,saucony,ride 15,0,0,1,1,0,0,1,0,8.9,6.9,0,1,1,3,0,0,0,0,1,0,5,3,5,0,0,31.4,24.5,0,0,0
r398,saucony,ride 16,0,0,1,1,0,0,1,0,9.3,7.9,0,1,1,3,2,2,4,5,1,3,3,1,5,0,0,33.3,25.4,1,0,1
r399,saucony,ride 17,0,1,1,1,0,0,1,0,10.2,8.5,1,1,1,5,3,4,4,1,3,3,3,3,3,0,0,35.1,26.6,0,0,1
r400,saucony,ride 18,0,0,1,1,0,0,1,0,9.0,8.4,1,1,1,3,3,4,4,5,3,3,3,1,1,0,0,35.0,26.6,1,0,1
r401,saucony,sinister,1,0,1,0,1,0,1,0,5.3,7.8,0,1,1,3,2,4,3,3,1,3,3,1,1,0,0,25.2,17.4,0,0,1
r402,saucony,tempus,0,1,1,1,1,0,0,1,9.4,8.5,1,1,1,5,0,0,0,5,1,0,3,3,5,0,0,33.9,25.4,1,0,1
r403,saucony,triumph 20,0,1,1,1,0,0,1,0,9.9,10.4,1,0,0,5,0,0,0,5,1,0,5,1,3,0,0,35.4,25.0,1,0,1
r404,saucony,triumph 21,0,1,1,1,0,0,1,0,9.9,10.5,1,0,0,5,3,3,4,3,3,5,3,5,5,0,0,39.1,28.6,0,0,1
r405,saucony,triumph 22,0,0,1,1,0,0,1,0,10.1,9.7,1,1,1,5,4,4,4,3,3,3,3,3,5,0,0,38.6,28.9,0,0,1
r406,saucony,triumph 23,0,0,1,1,0,0,1,0,9.6,10.0,1,1,1,3,3,4,4,3,3,3,5,3,5,0,0,42.3,32.3,0,0,1
r407,skechers,aero burst,0,0,1,1,0,0,1,0,11.4,8.8,1,1,1,5,3,4,4,3,3,1,3,5,5,0,0,41.7,32.9,0,0,1
r408,skechers,go run max road 6,0,0,1,1,0,0,1,0,11.3,8.1,1,1,1,5,3,4,4,3,3,1,5,3,3,0,1,39.7,31.6,0,0,1
r409,skechers,go run ride 11,0,1,1,1,0,0,1,0,10.1,6.5,0,1,1,5,3,2,4,3,1,3,3,5,3,0,0,34.1,27.6,0,0,1
r410,skechers,gorun razor excess,1,1,0,1,1,0,1,0,7.1,6.4,0,1,1,0,0,0,0,0,1,0,5,5,3,0,0,27.4,21.0,0,0,0
r411,skechers,max cushioning elite,0,0,0,1,0,0,1,0,11.9,16.1,1,0,0,0,0,0,0,0,1,0,5,0,0,0,0,42.3,26.2,0,0,0
r412,skechers,max cushioning elite 2.0,0,1,1,1,0,0,1,0,9.5,8.8,1,1,1,3,3,3,3,1,1,3,3,5,3,0,0,36.4,27.6,0,0,1
r413,topo,atmos,0,0,1,1,0,0,1,0,9.7,5.3,0,1,1,3,3,4,4,3,5,5,3,5,5,0,0,37.8,32.5,0,0,1
r414,topo,cyclone 2,1,1,1,1,1,0,1,0,6.7,4.2,0,1,1,3,2,4,4,5,5,5,1,1,1,0,0,26.2,22.0,1,0,1
r415,topo,phantom 3,0,0,1,1,0,0,1,0,9.5,5.8,0,1,1,5,3,4,4,3,3,5,3,5,5,0,0,32.6,26.8,0,0,1
r416,under armour,charged assert 10,0,0,1,1,0,0,1,0,10.5,9.4,1,1,1,1,2,2,0,3,3,3,3,3,3,0,0,32.0,22.6,0,0,1
r417,under armour,charged assert 9,0,0,1,1,0,0,1,0,10.2,10.9,1,0,0,3,2,2,0,3,3,3,5,1,1,0,0,34.0,23.1,0,0,1
r418,under armour,charged pursuit 3,0,0,1,1,0,0,1,0,9.3,9.6,1,1,1,3,3,2,3,3,3,5,3,3,3,0,0,30.8,21.2,0,0,1
r419,under armour,hovr phantom 3,0,0,0,1,0,0,1,0,11.9,12.7,1,0,0,3,4,3,0,1,3,3,3,5,5,0,0,32.8,20.1,0,1,0
r420,under armour,hovr sonic 6,0,0,1,1,0,0,1,0,10.1,7.0,0,1,1,3,3,3,4,1,3,3,1,5,3,0,0,30.2,23.2,0,0,1
r421,under armour,infinite elite,0,1,1,1,0,0,1,0,11.1,8.1,1,1,1,5,4,3,4,1,3,3,5,5,5,0,0,39.9,31.8,0,0,1
r422,under armour,infinite elite 2,0,0,1,1,0,0,1,0,10.2,7.0,0,1,1,5,3,4,4,3,3,3,5,5,3,0,0,40.1,33.1,0,0,1
r423,under armour,infinite pro,0,0,1,1,0,0,1,0,10.8,8.3,1,1,1,5,3,3,4,3,3,3,5,5,5,0,0,41.3,33.0,0,0,1
r424,under armour,slipspeed mega,0,0,1,1,0,0,1,0,11.7,11.9,1,0,0,3,4,2,2,1,1,3,5,5,1,0,0,40.7,28.8,0,1,0
r425,under armour,surge 4,0,0,1,1,0,0,1,0,10.4,9.0,1,1,1,3,3,3,4,3,5,3,3,5,3,0,0,33.5,24.5,0,0,1
r426,xero,shoes hfs ii,1,0,1,1,0,0,1,0,8.6,1.0,0,1,1,1,3,2,3,5,1,5,3,1,3,0,0,13.1,12.1,1,0,1
r427,xero,shoes prio,0,0,1,1,0,0,1,0,9.8,0.4,0,1,1,0,4,2,3,1,3,5,1,1,1,0,0,12.2,11.8,0,0,1
r428,xero,shoes speed force ii,1,0,1,1,1,0,1,0,6.7,0.1,0,1,1,0,3,3,3,5,3,5,1,1,1,0,0,10.6,10.5,1,0,1
