Brand-Name,Audience score,Price,Trail terrain,Shock absorption,Energy return,Traction,Arch support,Weight lab Weight brand,Lightweight,Drop lab Drop brand,Strike pattern,Size,Midsole softness,Difference in midsole softness in cold,Plate,Toebox durability,Heel padding durability,Outsole durability,Breathability,Width / fit,Toebox width,Stiffness,Torsional rigidity,Heel counter stiffness,Lug depth,Heel stack lab Heel stack brand,Forefoot lab Forefoot brand,Widths available,For heavy runners,Season,Removable insole,Orthotic friendly,Waterproofing,Ranking,Popularity
Adidas Terrex Agravic Speed Ultra,90 Great!,$220,Light,Moderate,High,-,Neutral,9.1 oz / 259g 9.5 oz / 270g,0,0.3 mm 8.0 mm,Mid/forefoot,Slightly large,Balanced,Small,0,Good,Good,Decent,Moderate,Medium,Narrow,Moderate,Stiff,Flexible,2.5 mm,30.6 mm 38.0 mm,30.3 mm 30.0 mm,Normal,0,All seasons,1,1,-,#76 Top 21%,#177 Top 47%
Adidas Terrex Speed Ultra,90 Great!,3559500 Rp,Light,-,-,-,Neutral,9.1 oz / 258g 9 oz / 255g,0,8.2 mm 8.0 mm,Heel Mid/forefoot,True to size,-,-,0,-,-,-,-,Narrow,-,Stiff,Flexible,Flexible,2.6 mm,32.8 mm 26.0 mm,24.6 mm 18.0 mm,Normal,0,-,1,1,-,#49 Top 13%,#298 Bottom 21%
Altra Experience Wild,88 Great!,2966250 Rp,Light Moderate,Moderate,Low,-,Neutral,10.1 oz / 285g 9.6 oz / 273g,0,4.3 mm 4.0 mm,Mid/forefoot,True to size,Soft,Normal,0,Decent,Decent,Good,Moderate,Wide,Wide,Moderate,Stiff,Moderate,3.6 mm,34.5 mm 34.0 mm,30.2 mm 30.0 mm,Normal,0,All seasons,1,1,-,#263 Top 40%,#326 Top 49%
Altra Experience Wild 2,84 Good!,2966250 Rp,Light,Moderate,Low,High,Neutral,9.4 oz / 266g 10.3 oz / 293g,0,6.1 mm 4.0 mm,Mid/forefoot,-,Balanced,Normal,0,Decent,Good,Good,Warm,Wide,Wide,Moderate,Moderate,Flexible,3.5 mm,32.3 mm 32.0 mm,26.2 mm 28.0 mm,Normal,0,All seasons,1,1,-,#245 Bottom 35%,#154 Top 41%
Altra Lone Peak 5.0,91 Superb!,$130,Light Moderate,-,-,-,Neutral,10.7 oz / 302g 10.6 oz / 301g,0,0.2 mm 0.0 mm,Mid/forefoot,True to size,-,-,Rock plate,-,-,-,-,Narrow,-,Stiff,Flexible,-,3.7 mm,24.5 mm 25.0 mm,24.3 mm 25.0 mm,Normal,0,-,1,1,-,#68 Top 11%,#55 Top 9%
Altra Lone Peak 6,89 Great!,$140,Moderate Technical,-,-,-,Neutral,9.8 oz / 278g 9.7 oz / 275g,0,0.6 mm 0.0 mm,Mid/forefoot,True to size,-,-,Rock plate,-,-,-,-,Wide,-,Stiff,-,-,4.4 mm,25.1 mm 25.0 mm,24.5 mm 25.0 mm,Normal Wide,0,-,0,0,-,#147 Top 22%,#341 Bottom 49%
Altra Lone Peak 7,86 Good!,3164000 Rp,Moderate,-,-,-,Neutral,10.4 oz / 294g 11 oz / 312g,0,0.2 mm 0.0 mm,Mid/forefoot,True to size,Balanced,Normal,0,-,-,-,Moderate,Narrow,-,Stiff,Flexible,Flexible,3.4 mm,23.3 mm 25.0 mm,23.1 mm 25.0 mm,Normal Wide,0,All seasons,1,1,-,#403 Bottom 40%,#273 Top 41%
Altra Lone Peak 8,81 Good!,$140,Light Moderate,-,-,-,Neutral,10.2 oz / 288g 10.7 oz / 303g,0,1.4 mm 0.0 mm,Mid/forefoot,True to size,Balanced,Small,0,Good,Decent,Decent,Moderate,Medium,Wide,Stiff,Flexible,Flexible,3.0 mm,22.7 mm 25.0 mm,21.3 mm 25.0 mm,Normal Wide,0,All seasons,1,1,-,#567 Bottom 15%,#177 Top 27%
Altra Lone Peak 9,91 Superb!,$140,Light Moderate,Low,Moderate,-,Neutral,10.9 oz / 309g 10.4 oz / 295g,0,0.0 mm 0.0 mm,Mid/forefoot,True to size,Balanced,Normal,0,Decent,Decent,Good,Warm,Wide,Wide,Moderate,Moderate,Flexible,3.8 mm,23.3 mm 25.0 mm,23.3 mm 25.0 mm,Normal Wide,0,All seasons,1,1,-,#25 Top 7%,#41 Top 11%
Altra Mont Blanc,79 Good!,$180,Light Moderate,-,-,-,Neutral,9.6 oz / 272g 9.9 oz / 280g,0,0.0 mm,Mid/forefoot,True to size,-,-,0,-,-,-,-,Medium,-,Stiff,-,-,2.8 mm,33.8 mm 30.0 mm,33.8 mm,Normal Wide,0,-,0,0,-,#332 Bottom 12%,#241 Bottom 36%
Altra Mont Blanc Carbon,86 Good!,4943750 Rp,Moderate,-,-,-,Neutral,8.9 oz / 251g 9.3 oz / 264g,0,0.3 mm 0.0 mm,Mid/forefoot,True to size,Soft,Normal,Carbon plate,Decent,Bad,Good,Moderate,Medium,Wide,Stiff,Flexible,Flexible,3.5 mm,27.2 mm 29.0 mm,26.9 mm 29.0 mm,Normal,0,All seasons,1,1,-,#189 Top 50%,#273 Bottom 27%
Altra Olympus 275,82 Good!,3856130 Rp,Light,Moderate,Low,High,Neutral,10.7 oz / 303g 10.8 oz / 305g,0,0.3 mm 0.0 mm,Mid/forefoot,-,Balanced,Small,0,Good,Decent,Good,Moderate,Wide,Wide,Moderate,Stiff,Flexible,3.5 mm,30.8 mm 33.0 mm,30.5 mm 33.0 mm,Normal,0,All seasons,1,1,-,#298 Bottom 21%,#240 Bottom 36%
Altra Olympus 5,83 Good!,3558800 Rp,Light Moderate,-,-,-,Neutral,11.5 oz / 325g 12.3 oz / 350g,0,2.0 mm 0.0 mm,Mid/forefoot,Slightly small,Balanced,Normal,0,-,-,-,Moderate,Wide,-,Stiff,Moderate,Moderate,3.0 mm,33.0 mm 33.0 mm,31.0 mm 33.0 mm,Normal,0,All seasons,1,1,-,#526 Bottom 21%,#302 Top 45%
Altra Olympus 6,83 Good!,$175,Light Moderate,Moderate,Moderate,-,Neutral,12.6 oz / 357g 12.5 oz / 354g,0,0.7 mm 0.0 mm,Mid/forefoot,Half size small,Balanced,Normal,0,Very good,Good,Good,Breathable,Medium,Wide,Stiff,Stiff,Moderate,3.5 mm,32.2 mm 35.0 mm,31.5 mm 35.0 mm,Normal,1,Summer All seasons,1,1,-,#273 Bottom 27%,#116 Top 31%
Altra Outroad,81 Good!,2966250 Rp,Light,-,-,-,Neutral,10.1 oz / 287g 10.7 oz / 303g,0,0.1 mm 0.0 mm,Mid/forefoot,Slightly small,Balanced,Normal,0,-,-,-,Moderate,Medium,Medium,Stiff,Moderate,Flexible,2.3 mm,25.1 mm 27.0 mm,25.0 mm 27.0 mm,Normal,0,All seasons,1,1,-,#578 Bottom 14%,#527 Bottom 21%
Altra Outroad 2,79 Good!,2570750 Rp,Light,-,-,-,Neutral,10.3 oz / 291g 10.1 oz / 286g,0,1.4 mm 0.0 mm,Mid/forefoot,Slightly small,Balanced,Small,0,Bad,Decent,Good,Moderate,Medium,Wide,Stiff,Moderate,Moderate,2.2 mm,26.9 mm 27.5 mm,25.5 mm 27.5 mm,Normal,0,All seasons,1,1,-,#610 Bottom 9%,#564 Bottom 16%
Altra Outroad 3,81 Good!,2570750 Rp,Light,-,-,-,Neutral,9.2 oz / 261g 10.7 oz / 303g,0,0.6 mm 0.0 mm,Mid/forefoot,Slightly small,Balanced,Normal,0,Decent,Bad,Bad,Warm,Medium,Wide,Stiff,Moderate,Flexible,1.5 mm,23.8 mm 27.0 mm,23.2 mm 27.0 mm,Normal,0,All seasons,1,1,-,#313 Bottom 17%,#283 Bottom 25%
Altra Superior 6,78 Decent!,$130,Light Moderate,-,-,-,Neutral,9.6 oz / 272g 9.1 oz / 258g,0,0.1 mm 0.0 mm,Mid/forefoot,Slightly small,Balanced,Normal,0,Very bad,Decent,Good,Breathable,Medium,Wide,Stiff,Moderate,Flexible,3.3 mm,22.1 mm 20.5 mm,22.0 mm 20.5 mm,Normal,0,Summer All seasons,1,1,-,#631 Bottom 6%,#524 Bottom 22%
Altra Superior 7,82 Good!,2373000 Rp,Light,Low,Low,High,Neutral,8.3 oz / 235g 9.3 oz / 263g,1,0.6 mm 0.0 mm,Mid/forefoot,-,Balanced,Small,0,Decent,Good,Good,Moderate,Medium,Wide,Flexible,Flexible,Flexible,3.5 mm,20.6 mm 21.0 mm,20.0 mm 21.0 mm,Normal,0,All seasons,1,1,-,#293 Bottom 22%,#271 Bottom 28%
Altra Timp 4,78 Decent!,3164000 Rp,Light Moderate,-,-,-,Neutral,11.1 oz / 316g 10.6 oz / 300g,0,0.1 mm 0.0 mm,Mid/forefoot,True to size,Balanced,Big,0,-,-,-,Moderate,Medium,-,Stiff,Flexible,Flexible,2.9 mm,29.0 mm 30.0 mm,28.9 mm 30.0 mm,Normal,0,All seasons,1,1,-,#626 Bottom 6%,#523 Bottom 22%
Altra Timp 5,80 Good!,$155,Light Moderate,Moderate,Low,-,Neutral,9.5 oz / 269g 9.8 oz / 277g,0,-0.1 mm 0.0 mm,Mid/forefoot,Half size small,Balanced,Small,0,Good,Decent,Good,Moderate,Wide,Wide,Stiff,Stiff,Moderate,3.0 mm,28.6 mm 29.0 mm,28.7 mm 29.0 mm,Normal,0,All seasons,1,1,-,#319 Bottom 15%,#146 Top 39%
Altra Timp 5 GTX,72 Bad!,3559500 Rp,Light Moderate,Moderate,Low,High,Neutral,11 oz / 312g 11.7 oz / 331g,0,0.3 mm 0.0 mm,Mid/forefoot,-,Soft,Normal,0,Decent,Decent,Good,Warm,Wide,Wide,Stiff,Stiff,Flexible,3.5 mm,28.9 mm 29.0 mm,28.6 mm 29.0 mm,Normal,0,Winter,1,1,Waterproof,#373 Bottom 1%,#261 Bottom 31%
ASICS Gel Excite Trail 2,"81
 Good!",$85,Light,Moderate,Low,-,Neutral,10.3 oz / 292g 10.4 oz / 296g,0,10.1 mm 8.0 mm,Heel,True to size,Balanced,Normal,0,Very bad,Bad,Decent,Moderate,Medium,Medium,Flexible,Stiff,Stiff,4.0 mm,37.7 mm 36.0 mm,27.6 mm 28.0 mm,Normal,1,All seasons,1,1,-,#310 Bottom 18%,#233 Bottom 38%
ASICS Gel Trabuco 12,"90
 Great!",$140,ModerateTechnical,Moderate,Moderate,-,Neutral,10.5 oz / 299g 10.9 oz / 309g,0,7.8 mm 8.0 mm,Mid/forefoot,True to size,Soft,Small,Rock plate,Good,Good,Good,Moderate,Medium,Wide,Moderate,Moderate,Moderate,4.5 mm,35.4 mm 36.0 mm,27.6 mm 28.0 mm,Normal,0,All seasons,1,1,-,#120 Top 18%,#153 Top 23%
ASICS Gel Trabuco 13,"88
 Great!",$140,Light,Moderate,Moderate,-,Neutral,10.2 oz / 288g 10 oz / 283g,0,7.0 mm 8.0 mm,Mid/forefoot,True to size,Balanced,Normal,Rock plate,Good,Good,Good,Moderate,Medium,Medium,Stiff,Stiff,Stiff,3.3 mm,33.8 mm 34.0 mm,26.8 mm 26.0 mm,Normal,0,All seasons,1,1,-,#144 Top 38%,#109 Top 29%
ASICS Gel Venture 10,83 Good!,$80,Light Moderate,Low,Low,-,Neutral,11.4 oz / 322g 11.4 oz / 323g,0,12.0 mm 10.0 mm,Heel,True to size,Soft,Big,0,Good,Good,Good,Moderate,Narrow,Narrow,Moderate,Stiff,Moderate,3.7 mm,35.3 mm 33.5 mm,23.3 mm 23.5 mm,Normal Wide X-Wide,0,All seasons,1,1,-,#262 Bottom 30%,#82 Top 22%
ASICS Gel Venture 8,88 Great!,$70,Light Moderate,-,-,-,Neutral,10.4 oz / 295g 12.5 oz / 354g,0,13.2 mm 10.0 mm,Heel,True to size,Balanced,Normal,0,Bad,Decent,Good,Breathable,Narrow,Medium,Moderate,Moderate,Moderate,3.1 mm,34.2 mm,21.0 mm,Normal X-Wide,0,Summer All seasons,1,1,-,#258 Top 39%,#238 Top 36%
ASICS Gel Venture 9,84 Good!,$80,Light Moderate,Low,Low,-,Neutral,11.1 oz / 314g 10.6 oz / 300g,0,10.4 mm,Heel,True to size,Balanced,Normal,0,Very bad,Decent,-,Moderate,Narrow,Narrow,Moderate,Moderate,Stiff,3.0 mm,33.3 mm,22.9 mm,Normal Wide X-Wide,0,All seasons,1,1,-,#498 Bottom 26%,#207 Top 31%
ASICS Metafuji Trail,90 Great!,$250,Light,High,Moderate,High,Neutral,9.1 oz / 258g 9.2 oz / 261g,0,10.3 mm 5.0 mm,Heel,True to size,Soft,Normal,Carbon plate,Very bad,Good,Decent,Breathable,Medium,Narrow,Stiff,Stiff,Moderate,2.7 mm,44.7 mm 44.0 mm,34.4 mm 39.0 mm,Normal Wide,0,Summer All seasons,1,1,-,#69 Top 19%,#291 Bottom 23%
ASICS Trabuco Max 2,93 Superb!,$150,Moderate Technical,-,-,-,Neutral,10.3 oz / 292g 10.7 oz / 303g,0,8.5 mm 5.0 mm,Heel Mid/forefoot,True to size,Soft,Big,0,Decent,Good,Decent,Breathable,Medium,Wide,Stiff,Stiff,Stiff,4.2 mm,39.7 mm 43.0 mm,31.2 mm 38.0 mm,Normal,0,Summer All seasons,1,1,-,#6 Top 1%,#312 Top 47%
ASICS Trabuco Max 3,90 Great!,$160,Moderate Technical,High,Moderate,-,Neutral,10.9 oz / 308g 10.5 oz / 298g,0,8.5 mm 5.0 mm,Heel Mid/forefoot,Slightly small,Soft,Small,0,Good,Good,Decent,Warm,Medium,Medium,Stiff,Stiff,Stiff,4.0 mm,42.4 mm 43.0 mm,33.9 mm 38.0 mm,Normal,0,All seasons,1,1,-,#85 Top 13%,#151 Top 23%
ASICS Trabuco Max 4,88 Great!,$160,Light,Moderate,Moderate,High,Neutral,11 oz / 312g 0.2 oz / 5g,0,6.1 mm 5.0 mm,Mid/forefoot,Half size small,Balanced,Small,0,Decent,Good,Decent,Moderate,Medium,Medium,Stiff,Stiff,Stiff,3.1 mm,39.3 mm 41.0 mm,33.2 mm 36.0 mm,Normal,0,All seasons,1,1,-,#149 Top 40%,#109 Top 29%
ASICS Trail Scout 2,"83
 Good!",$60,Moderate,-,-,-,Neutral,11.4 oz / 323g 11.4 oz / 323g,0,10.3 mm 10.0 mm,Heel,True to size,Balanced,Small,0,-,-,-,Moderate,Narrow,Medium,Stiff,Stiff,Stiff,4.2 mm,32.8 mm,22.5 mm,Normal,0,All seasons,1,1,-,#274 Bottom 27%,#335 Bottom 11%
Brooks Caldera 6,88 Great!,2966250 Rp,Light Moderate,-,-,-,Neutral,11.1 oz / 315g 11.1 oz / 314g,0,12.1 mm 6.0 mm,Heel,True to size,Soft,Small,0,Very good,Decent,Good,Moderate,Medium,Medium,Stiff,Stiff,Stiff,3.5 mm,38.4 mm 36.0 mm,26.3 mm 30.0 mm,Normal,0,All seasons,1,1,-,#255 Top 38%,#488 Bottom 27%
Brooks Caldera 7,88 Great!,$150,Light Moderate,High,Moderate,-,Neutral,10.8 oz / 305g 10.6 oz / 300g,0,8.9 mm 6.0 mm,Heel Mid/forefoot,True to size,Soft,Small,0,Decent,Good,Decent,Breathable,Medium,Medium,Stiff,Stiff,Stiff,4.0 mm,36.7 mm 39.0 mm,27.8 mm 33.0 mm,Normal,0,Summer All seasons,1,1,-,#273 Top 41%,#460 Bottom 31%
Brooks Caldera 8,89 Great!,$150,Light Moderate,Moderate,Moderate,High,Neutral,10.9 oz / 309g 10.9 oz / 309g,0,8.8 mm 6.0 mm,Heel Mid/forefoot,True to size,Soft,Big,0,Bad,Good,Decent,Moderate,Medium,Medium,Moderate,Stiff,Stiff,3.6 mm,36.7 mm 39.0 mm,27.9 mm 33.0 mm,Normal,0,All seasons,1,1,-,#91 Top 25%,#160 Top 43%
Brooks Cascadia 16,87 Great!,2966250 Rp,Technical,-,-,-,Neutral,10.9 oz / 310g 10.5 oz / 298g,0,10.3 mm 8.0 mm,Heel,Slightly small,-,-,Rock plate,-,-,-,-,Narrow,-,Stiff,Stiff,Stiff,4.3 mm,32.3 mm 29.0 mm,22.0 mm 21.0 mm,Normal Wide,0,-,1,1,-,#306 Top 46%,#436 Bottom 35%
Brooks Cascadia 17,86 Good!,2966250 Rp,Moderate Technical,-,-,-,Neutral,11.6 oz / 329g 11 oz / 312g,0,9.2 mm 8.0 mm,Heel Mid/forefoot,True to size,Balanced,Normal,Rock plate,Bad,Bad,Good,Breathable,Medium,Wide,Stiff,Stiff,Stiff,3.9 mm,33.1 mm,23.9 mm,Normal Wide,0,Summer All seasons,1,1,-,#378 Bottom 43%,#401 Bottom 40%
Brooks Cascadia 18,86 Good!,2966250 Rp,Light Moderate,Low,Low,-,Neutral,10.9 oz / 310g 11.1 oz / 314g,0,8.8 mm 8.0 mm,Heel Mid/forefoot,True to size,Balanced,Small,Rock plate,Very bad,Decent,Decent,Moderate,Medium,Medium,Stiff,Stiff,Stiff,4.0 mm,32.6 mm 33.0 mm,23.8 mm 25.0 mm,Normal Wide,0,All seasons,1,1,-,#414 Bottom 38%,#259 Top 39%
Brooks Cascadia 19,84 Good!,2966250 Rp,Light Moderate,Moderate,Moderate,High,Neutral,10.8 oz / 306g 10.7 oz / 303g,0,7.8 mm 6.0 mm,Mid/forefoot,True to size,Balanced,Normal,Rock plate,Good,Decent,Good,Moderate,Medium,Medium,Moderate,Stiff,Stiff,3.8 mm,34.8 mm 35.0 mm,27.0 mm 29.0 mm,Normal Wide,1,All seasons,1,1,-,#224 Bottom 40%,#107 Top 29%
Brooks Catamount 2,87 Great!,$170,Light Moderate,-,-,-,Neutral,9.7 oz / 275g 9.7 oz / 275g,0,6.4 mm 6.0 mm,Mid/forefoot,True to size,Balanced,Small,Rock plate,Bad,Good,Good,Moderate,Narrow,Medium,Stiff,Stiff,Moderate,3.0 mm,29.0 mm 29.0 mm,22.6 mm 23.0 mm,Normal,0,All seasons,1,1,Water repellent,#333 Top 50%,#593 Bottom 11%
Brooks Catamount 3,89 Great!,3361750 Rp,Light Moderate,-,-,-,Neutral,9 oz / 255g 9.4 oz / 266g,0,6.8 mm 6.0 mm,Mid/forefoot,True to size,Balanced,Normal,Rock plate,Very bad,Good,Decent,Warm,Narrow,Wide,Stiff,Moderate,Flexible,2.9 mm,28.3 mm 30.0 mm,21.5 mm 24.0 mm,Normal,0,All seasons,1,1,-,#85 Top 23%,#267 Bottom 29%
Brooks Divide 3,90 Great!,2966250 Rp,Light Moderate,-,-,-,Neutral,10.3 oz / 291g 10.1 oz / 285g,0,8.4 mm 8.0 mm,Heel Mid/forefoot,Half size small,Firm,Small,0,Very bad,Bad,Good,Moderate,Medium,Medium,Stiff,Stiff,Stiff,3.1 mm,31.1 mm 30.0 mm,22.7 mm 22.0 mm,Normal,0,All seasons,1,1,-,#131 Top 20%,#637 Bottom 5%
Brooks Divide 4,86 Good!,2175250 Rp,Light,-,-,-,Neutral,9.9 oz / 282g 10.4 oz / 294.8g,0,9.2 mm 8.0 mm,Heel Mid/forefoot,True to size,Balanced,Big,0,Bad,Bad,Decent,Moderate,Medium,Wide,Stiff,Moderate,Stiff,2.7 mm,32.1 mm 30.0 mm,22.9 mm 22.0 mm,Normal,0,All seasons,1,1,-,#191 Bottom 49%,#314 Bottom 17%
Brooks Divide 5 GTX,78 Decent!,2570750 Rp,Light,Moderate,Low,High,Neutral,10.1 oz / 286g 10.4 oz / 295g,0,10.0 mm 8.0 mm,Heel Mid/forefoot,True to size,Balanced,Normal,0,Good,Good,Good,Warm,Medium,Medium,Moderate,Stiff,Stiff,3.0 mm,35.5 mm 24.0 mm,25.5 mm 16.0 mm,Normal,0,Winter,1,1,Waterproof,#337 Bottom 11%,#318 Bottom 16%
Hoka Challenger 7,85 Good!,$145,Light Moderate,High,Low,-,Neutral,8.8 oz / 250g 8.8 oz / 250g,0,8.8 mm 5.0 mm,Heel Mid/forefoot,True to size,Soft,Normal,0,Good,Decent,-,Warm,Narrow,Narrow,Moderate,Moderate,Stiff,3.1 mm,32.9 mm 31.0 mm,24.1 mm 26.0 mm,Normal Wide,0,All seasons,1,1,-,#452 Bottom 32%,#166 Top 25%
Hoka Challenger 7 GTX,78 Decent!,3361750 Rp,Moderate Technical,-,-,-,Neutral,9.9 oz / 281g 9 oz / 255g,0,11.1 mm 5.0 mm,Heel,True to size,Soft,Small,0,Very good,Decent,Good,Warm,Medium,Narrow,Stiff,Stiff,Stiff,3.8 mm,39.2 mm 31.0 mm,28.1 mm 26.0 mm,Normal,0,Winter,1,1,Waterproof Water repellent,#342 Bottom 9%,#136 Top 36%
HOKA Challenger 8,77 Decent!,$155,Light Moderate,High,Low,High,Neutral,9.5 oz / 269g 9.7 oz / 275g,0,10.1 mm 8.0 mm,Heel,-,Soft,Normal,0,Good,Good,Good,Breathable,Medium,Medium,Moderate,Stiff,Stiff,3.7 mm,40.2 mm 42.0 mm,30.1 mm 34.0 mm,Normal Wide,0,Summer All seasons,1,1,-,#339 Bottom 10%,#66 Top 18%
HOKA Mafate 5,75 Bad!,3757250 Rp,Light Moderate,High,Moderate,High,Neutral,11.1 oz / 315g 11.7 oz / 332g,0,9.0 mm 8.0 mm,Heel Mid/forefoot,-,Soft,Small,0,Decent,Decent,Good,Moderate,Medium,Medium,Stiff,Stiff,Moderate,4.4 mm,42.9 mm 45.0 mm,33.9 mm 37.0 mm,Normal,0,All seasons,1,1,-,#360 Bottom 5%,#130 Top 35%
Hoka Mafate Speed 4,88 Great!,3559500 Rp,Moderate Technical,Moderate,Moderate,-,Neutral,10.3 oz / 293g 10.4 oz / 295g,0,7.2 mm 4.0 mm,Mid/forefoot,True to size,Soft,Normal,0,Good,Good,Good,Moderate,Medium,Narrow,Moderate,Stiff,Flexible,3.9 mm,38.0 mm 33.0 mm,30.8 mm 29.0 mm,Normal,0,All seasons,1,1,-,#140 Top 37%,#119 Top 32%
Hoka Mafate Three2,"77
 Decent!",3955000Rp,Light,-,-,-,Neutral,11.7 oz / 332g 11.6 oz / 329g,0,3.9 mm 4.0 mm,Mid/forefoot,Slightly small,Soft,Normal,0,Very good,Decent,Good,Moderate,Narrow,Narrow,Stiff,Stiff,Moderate,4.0 mm,35.6 mm 35.0 mm,31.7 mm 31.0 mm,Normal,0,All seasons,1,1,-,#346 Bottom 8%,#206 Bottom 45%
HOKA Mafate X,89 Great!,$225,Light Moderate,High,Moderate,High,Neutral,11.8 oz / 335g 12.1 oz / 343g,0,10.6 mm 8.0 mm,Heel,-,Balanced,Small,Carbon plate,Bad,Good,Good,Moderate,Wide,Medium,Stiff,Stiff,Stiff,3.0 mm,47.3 mm 49.0 mm,36.7 mm 41.0 mm,Normal,1,All seasons,1,1,-,#86 Top 23%,#181 Top 48%
HOKA Mafate X,89 Great!,4449380 Rp,Light Moderate,High,Moderate,High,Neutral,11.8 oz / 335g 12.1 oz / 343g,0,10.6 mm 8.0 mm,Heel,-,Balanced,Small,Carbon plate,Bad,Good,Good,Moderate,Wide,Medium,Stiff,Stiff,Stiff,3.0 mm,47.3 mm 49.0 mm,36.7 mm 41.0 mm,Normal,1,All seasons,1,1,-,#87 Top 23%,#182 Top 49%
Hoka Speedgoat 5,88 Great!,$155,Light Moderate,Moderate,Low,-,Neutral,9.8 oz / 277g 9.7 oz / 276g,0,3.8 mm 4.0 mm,Mid/forefoot,True to size,Soft,Big,0,-,-,-,Moderate,Narrow,-,Moderate,Flexible,Flexible,3.0 mm,27.5 mm 33.0 mm,23.7 mm 29.0 mm,Normal Wide,0,All seasons,1,1,-,#248 Top 37%,#121 Top 18%
Hoka Speedgoat 5 GTX,82 Good!,3559500 Rp,Moderate,-,-,-,Neutral,11.3 oz / 319g 11.5 oz / 326g,0,7.0 mm 4.0 mm,Mid/forefoot,True to size,Soft,Big,0,Good,Good,Decent,Moderate,Medium,Medium,Stiff,Stiff,Moderate,3.5 mm,34.6 mm,27.6 mm,Normal,0,Winter,1,1,Waterproof,#553 Bottom 17%,#371 Bottom 44%
Hoka Speedgoat 6,78 Decent!,$155,Moderate,Moderate,Low,-,Neutral,9.8 oz / 278g 9.8 oz / 277g,0,4.9 mm 5.0 mm,Mid/forefoot,Slightly small,Balanced,Small,0,Good,Good,Decent,Warm,Medium,Medium,Stiff,Stiff,Moderate,4.0 mm,32.1 mm 40.0 mm,27.2 mm 35.0 mm,Normal Wide,1,All seasons,1,1,-,#341 Bottom 10%,#37 Top 10%
Hoka Speedgoat 6 GTX,"77
 Decent!",3558800Rp,Moderate,-,-,-,Neutral,10.2 oz / 289g 10.4 oz / 295g,0,5.0 mm 5.0 mm,Mid/forefoot,Half size small,Balanced,Small,0,Very good,Good,Good,Warm,Medium,Narrow,Stiff,Stiff,Moderate,3.9 mm,32.9 mm 37.0 mm,27.9 mm 32.0 mm,NormalWide,0,Winter,1,1,Waterproof,#352 Bottom 7%,#113 Top 30%
Hoka Stinson 7,85 Good!,$170,Light Moderate,Moderate,Moderate,-,Neutral,12.1 oz / 342g 12.9 oz / 365g,0,7.0 mm 5.0 mm,Mid/forefoot,True to size,Soft,Big,0,Very bad,Bad,Decent,Moderate,Medium,Medium,Stiff,Stiff,Stiff,3.0 mm,40.0 mm 42.0 mm,33.0 mm 37.0 mm,Normal,0,All seasons,1,1,-,#217 Bottom 42%,#105 Top 28%
Hoka Tecton X,90 Great!,4152750 Rp,Moderate,-,-,-,Neutral,8.6 oz / 245g 8.9 oz / 252g,1,8.0 mm 5.0 mm,Heel Mid/forefoot,True to size,Firm,Small,Carbon plate,-,-,-,-,Narrow,-,Stiff,Stiff,Flexible,3.5 mm,35.3 mm 33.0 mm,27.3 mm 29.0 mm,Normal,0,-,1,1,-,#140 Top 21%,#481 Bottom 28%
Hoka Tecton X 2,88 Great!,4350500 Rp,Moderate,-,-,-,Neutral,9.1 oz / 257g 8.8 oz / 249g,0,5.6 mm 5.0 mm,Mid/forefoot,Slightly small,Balanced,Small,Carbon plate,Good,Bad,Good,Moderate,Narrow,Narrow,Stiff,Stiff,Moderate,3.6 mm,37.4 mm 32.0 mm,31.8 mm 27.0 mm,Normal,0,All seasons,1,1,-,#301 Top 45%,#445 Bottom 33%
HOKA Tecton X 3,84 Good!,4943750 Rp,Light Moderate,High,High,-,Neutral,9.7 oz / 275g 10.3 oz / 292g,0,6.9 mm 5.0 mm,Mid/forefoot,Slightly small,Soft,Small,Carbon plate,Good,Decent,Good,Moderate,Narrow,Medium,Stiff,Stiff,Flexible,4.0 mm,37.8 mm 40.0 mm,30.9 mm 35.0 mm,Normal,0,All seasons,1,1,Water repellent,#242 Bottom 36%,#153 Top 41%
Hoka Torrent 3,84 Good!,2966250 Rp,Moderate,-,-,-,Neutral,9.1 oz / 258g 8.7 oz / 247g,0,7.1 mm 5.0 mm,Mid/forefoot,True to size,Balanced,Small,0,Decent,Decent,Good,Moderate,Medium,Medium,Stiff,Stiff,Moderate,3.6 mm,29.5 mm 23.0 mm,22.4 mm 18.0 mm,Normal,0,All seasons,1,1,-,#237 Bottom 37%,#306 Bottom 19%
Hoka Zinal,88 Great!,3361750 Rp,Light Moderate,-,-,-,Neutral,8.4 oz / 239g 8.5 oz / 241g,1,3.9 mm 4.0 mm,Mid/forefoot,True to size,-,-,0,-,-,-,-,Narrow,-,Stiff,Stiff,Moderate,3.4 mm,29.3 mm 22.0 mm,25.4 mm 18.0 mm,Normal,0,-,1,1,-,#256 Top 38%,#607 Bottom 9%
Hoka Zinal 2,84 Good!,3559500 Rp,Moderate,-,-,-,Neutral,7.5 oz / 213g 8 oz / 227g,1,7.2 mm 5.0 mm,Mid/forefoot,Slightly small,Soft,Big,0,Very bad,Good,Decent,Moderate,Narrow,Medium,Stiff,Moderate,Flexible,3.7 mm,29.8 mm 30.0 mm,22.6 mm 25.0 mm,Normal,0,All seasons,1,1,-,#240 Bottom 36%,#226 Bottom 40%
Icebug Järv RB9X,90 Great!,$180,Moderate Technical,Moderate,Moderate,High,Neutral,11.6 oz / 329g 12 oz / 340g,0,6.0 mm 4.0 mm,Mid/forefoot,-,Balanced,Small,0,Good,Decent,Decent,Warm,Medium,Medium,Stiff,Stiff,Moderate,5.0 mm,37.0 mm 29.0 mm,31.0 mm 25.0 mm,Normal,0,All seasons,1,1,-,#61 Top 17%,#378 Bottom 1%
Inov8 Trailfly,88 Great!,$150,Light Moderate,-,-,-,Neutral,9.9 oz / 282g 9.9 oz / 280g,0,6.0 mm 6.0 mm,Mid/forefoot,Slightly small,Soft,Small,Rock plate,Decent,Good,Good,Moderate,Medium,Wide,Stiff,Flexible,Flexible,3.9 mm,30.1 mm 29.0 mm,24.1 mm 23.0 mm,Normal Wide,0,All seasons,1,1,-,#153 Top 41%,#326 Bottom 13%
Inov8 Trailfly,88 Great!,2966250 Rp,Light Moderate,-,-,-,Neutral,9.9 oz / 282g 9.9 oz / 280g,0,6.0 mm 6.0 mm,Mid/forefoot,Slightly small,Soft,Small,Rock plate,Decent,Good,Good,Moderate,Medium,Wide,Stiff,Flexible,Flexible,3.9 mm,30.1 mm 29.0 mm,24.1 mm 23.0 mm,Normal Wide,0,All seasons,1,1,-,#153 Top 41%,#326 Bottom 13%
Inov8 Trailfly Max,69 Bad!,3361750 Rp,Light Moderate,Moderate,Low,High,Neutral,10.2 oz / 289g,0,7.6 mm 6.0 mm,Mid/forefoot,-,Balanced,Small,0,Decent,Decent,Good,Moderate,Medium,Wide,Moderate,Moderate,Flexible,3.4 mm,37.1 mm,29.5 mm,Normal Wide,0,All seasons,1,1,-,#376 Bottom 1%,#363 Bottom 4%
Inov8 Trailfly Zero,87 Great!,3164000 Rp,Light Moderate,Low,Low,High,Neutral,9.4 oz / 266g,0,0.5 mm 0.0 mm,Mid/forefoot,-,Balanced,Small,0,Decent,Decent,Good,Moderate,Medium,Wide,Flexible,Flexible,Flexible,3.4 mm,24.9 mm,24.4 mm,Normal Wide,0,All seasons,1,1,-,#179 Top 48%,#345 Bottom 8%
Inov8 Trailtalon,90 Great!,2966250 Rp,Moderate Technical,-,-,-,Neutral,10.2 oz / 289g 10.2 oz / 290g,0,7.8 mm 6.0 mm,Mid/forefoot,Half size small,Soft,Small,0,Very bad,Good,Good,Warm,Wide,Wide,Stiff,Moderate,Flexible,5.4 mm,34.2 mm 31.0 mm,26.4 mm 25.0 mm,Normal Wide,0,0,1,1,-,#75 Top 20%,#365 Bottom 3%
Kailas Flythorn Air 2.0,90 Great!,3164000 Rp,Light Moderate,-,-,-,Neutral,10.6 oz / 301g 10.3 oz / 291g,0,10.3 mm 10.0 mm,Heel,-,-,-,0,-,-,-,-,Narrow,-,Stiff,Moderate,Stiff,3.0 mm,30.6 mm 29.0 mm,20.3 mm 19.0 mm,Normal,0,-,1,1,-,#59 Top 16%,#376 Bottom 1%
Kailas Fuga DU,81 Good!,3559500 Rp,Moderate,-,-,-,Neutral,10.8 oz / 306g 10.3 oz / 293g,0,11.6 mm 8.0 mm,Heel,-,Balanced,Normal,0,-,-,-,Moderate,Narrow,-,Stiff,Stiff,Stiff,3.2 mm,36.9 mm 36.0 mm,25.3 mm,Wide,0,All seasons,1,1,-,#304 Bottom 19%,#367 Bottom 3%
Kailas Fuga Elite 2,83 Good!,7910000 Rp,Light,-,-,-,Neutral,10.9 oz / 310g 10 oz / 284g,0,12.5 mm 10.0 mm,Heel,-,-,-,Carbon plate,-,-,-,-,Narrow,-,Stiff,Stiff,Moderate,2.5 mm,40.4 mm 41.0 mm,27.9 mm 31.0 mm,Normal,0,-,1,1,-,#264 Bottom 30%,#371 Bottom 2%
Kailas Fuga EX 2,85 Good!,$160,Moderate Technical,-,-,-,Neutral,10.4 oz / 295g 9.5 oz / 270g,0,10.6 mm 8.0 mm,Heel,-,-,-,0,-,-,-,-,Narrow,-,Stiff,Stiff,Stiff,4.0 mm,38.0 mm 36.0 mm,27.4 mm 28.0 mm,Normal,0,-,1,1,-,#456 Bottom 32%,#661 Bottom 1%
Kailas Fuga EX 3,86 Good!,$180,Light Moderate,Moderate,Low,High,Neutral,10.3 oz / 293g 10.1 oz / 285g,0,13.7 mm 8.0 mm,Heel,-,Balanced,Normal,0,Decent,Decent,Good,Moderate,Narrow,Medium,Stiff,Stiff,Stiff,3.4 mm,38.4 mm 36.0 mm,24.7 mm 28.0 mm,Normal,0,All seasons,1,1,-,#200 Bottom 47%,#357 Bottom 5%
Kailas Fuga EX BOA,88 Great!,3361750 Rp,Moderate,-,-,-,Neutral,9.9 oz / 281g 9.6 oz / 272g,0,10.9 mm 8.0 mm,Heel,-,-,-,0,-,-,-,-,Narrow,-,Stiff,Stiff,Stiff,3.7 mm,38.5 mm 36.0 mm,27.6 mm 28.0 mm,Normal Wide,0,-,1,1,-,#135 Top 36%,#368 Bottom 2%
Kailas Fuga EX Pro,81 Good!,6478290 Rp,Light Moderate,Moderate,High,High,Neutral,9.6 oz / 272g 9.7 oz / 275g,0,7.2 mm 5.0 mm,Mid/forefoot,-,Balanced,Small,0,Bad,Decent,Good,Moderate,Narrow,Narrow,Stiff,Stiff,Moderate,3.7 mm,37.9 mm 35.0 mm,30.7 mm 30.0 mm,Normal,0,All seasons,1,1,-,#307 Bottom 18%,#359 Bottom 5%
Kailas Fuga Pro 4,86 Good!,3955000 Rp,Moderate,-,-,-,Neutral,9.8 oz / 279g 9.5 oz / 270g,0,10.0 mm 10.0 mm,Heel Mid/forefoot,-,-,-,0,-,-,-,-,Narrow,-,Stiff,Stiff,Stiff,3.4 mm,31.7 mm 32.0 mm,21.8 mm 22.0 mm,Normal,0,-,1,1,-,#181 Top 48%,#370 Bottom 2%
Kailas Fuga YAO,90 Great!,3164000 Rp,Light,-,-,-,Neutral,10.5 oz / 299g 10.1 oz / 285g,0,10.7 mm,Heel,-,Balanced,Big,Carbon plate,-,-,-,Moderate,Narrow,-,Stiff,Stiff,Stiff,1.7 mm,38.6 mm,27.9 mm,Normal,0,All seasons,1,1,-,#58 Top 16%,#374 Bottom 1%
Kailas Phantom 3.0,90 Great!,2768500 Rp,Light,-,-,-,Neutral,8.9 oz / 253g 8.3 oz / 235g,0,10.5 mm,Heel,-,Balanced,Small,0,-,-,-,Moderate,Narrow,-,Stiff,Moderate,Stiff,1.8 mm,35.5 mm,25.0 mm,Normal,0,All seasons,1,1,-,#60 Top 16%,#377 Bottom 1%
KEEN Seek,90 Great!,$185,Light Moderate,High,Low,High,Neutral,10.8 oz / 305g 10.9 oz / 309g,0,8.6 mm 6.0 mm,Heel Mid/forefoot,-,Soft,Small,0,Good,Good,Good,Moderate,Medium,Wide,Moderate,Moderate,Flexible,4.1 mm,36.3 mm 38.5 mm,27.7 mm 32.5 mm,Normal,0,All seasons,1,1,-,#74 Top 20%,#325 Bottom 14%
La Sportiva Mutant,87 Great!,$165,Technical,-,-,-,Neutral,11.4 oz / 323g 10.7 oz / 303g,0,11.3 mm 10.0 mm,Heel,Half size small,Firm,Small,0,Good,Good,Decent,Moderate,Narrow,Medium,Stiff,Stiff,Moderate,5.0 mm,33.2 mm 26.0 mm,21.9 mm 16.0 mm,Normal,0,All seasons,1,1,-,#163 Top 44%,#269 Bottom 29%
La Sportiva Prodigio,"83
 Good!",$155,Moderate,-,-,-,Neutral,9.6 oz / 271g 9.5 oz / 270g,0,8.9 mm 6.0 mm,HeelMid/forefoot,Half size small,Soft,Normal,0,Very bad,Bad,Decent,Moderate,Medium,Medium,Stiff,Stiff,Stiff,3.4 mm,29.3 mm 34.0 mm,20.4 mm 28.0 mm,Normal,0,All seasons,1,1,-,#275 Bottom 27%,#204 Bottom 46%
La Sportiva Prodigio,83 Good!,$155,Moderate,-,-,-,Neutral,9.6 oz / 271g 9.5 oz / 270g,0,8.9 mm 6.0 mm,Heel Mid/forefoot,Half size small,Soft,Normal,0,Very bad,Bad,Decent,Moderate,Medium,Medium,Stiff,Stiff,Stiff,3.4 mm,29.3 mm 34.0 mm,20.4 mm 28.0 mm,Normal,0,All seasons,1,1,-,#274 Bottom 27%,#203 Bottom 46%
La Sportiva Prodigio,83 Good!,$155,Moderate,-,-,-,Neutral,9.6 oz / 271g 9.5 oz / 270g,0,8.9 mm 6.0 mm,Heel Mid/forefoot,Half size small,Soft,Normal,0,Very bad,Bad,Decent,Moderate,Medium,Medium,Stiff,Stiff,Stiff,3.4 mm,29.3 mm 34.0 mm,20.4 mm 28.0 mm,Normal,0,All seasons,1,1,-,#275 Bottom 27%,#204 Bottom 46%
La Sportiva Prodigio Max,84 Good!,3559500 Rp,Moderate Technical,Moderate,Moderate,High,Neutral,10.8 oz / 306g 10.4 oz / 295g,0,7.1 mm 6.0 mm,Mid/forefoot,-,Balanced,Normal,0,Good,Good,Good,Moderate,Narrow,Narrow,Stiff,Stiff,Moderate,5.5 mm,35.1 mm 37.0 mm,28.0 mm 31.0 mm,Normal,0,All seasons,1,1,-,#246 Bottom 35%,#217 Bottom 42%
Merrell Agility Peak 4,86 Good!,$130,Technical,-,-,-,Neutral,10.3 oz / 292g 10.8 oz / 305g,0,9.3 mm 6.0 mm,Heel Mid/forefoot,Slightly large,Balanced,Small,Rock plate,Decent,Decent,Decent,Moderate,Narrow,Wide,Stiff,Stiff,Stiff,4.4 mm,34.4 mm 30.0 mm,25.1 mm 24.0 mm,Normal,0,All seasons,1,1,-,#380 Bottom 43%,#619 Bottom 8%
Merrell Agility Peak 5,88 Great!,$140,Moderate Technical,Moderate,Low,-,Neutral,10.2 oz / 289g 10.6 oz / 300g,0,13.4 mm 6.0 mm,Heel,True to size,Balanced,Small,Rock plate,Very good,Decent,Good,Moderate,Medium,Narrow,Moderate,Stiff,Stiff,4.5 mm,39.2 mm 39.0 mm,25.8 mm 33.0 mm,Normal,1,All seasons,1,1,-,#152 Top 41%,#96 Top 26%
Merrell Agility Peak 5 GTX,81 Good!,3757250 Rp,Moderate Technical,-,-,-,Neutral,10.4 oz / 296g 10.7 oz / 303g,0,11.6 mm 6.0 mm,Heel,True to size,Balanced,Small,Rock plate,Good,Bad,Decent,Warm,Narrow,Medium,Stiff,Stiff,Stiff,4.4 mm,37.3 mm 39.0 mm,25.7 mm 33.0 mm,Normal,0,Winter,1,1,Waterproof,#315 Bottom 16%,#180 Top 48%
Merrell Antora 3,83 Good!,$125,Light,Moderate,Low,-,Neutral,10.1 oz / 285g,0,9.1 mm,Heel Mid/forefoot,True to size,Balanced,Normal,Rock plate,Decent,Bad,Good,Breathable,Narrow,Medium,Moderate,Stiff,Moderate,3.4 mm,33.5 mm,24.4 mm,Normal,0,Summer All seasons,1,1,-,#280 Bottom 26%,#227 Bottom 40%
Merrell Fly Strike,79 Good!,2373000 Rp,Light,-,-,-,Neutral,10.3 oz / 292g 10.4 oz / 295g,0,17.3 mm 10.0 mm,Heel,True to size,Balanced,Small,0,Good,Decent,Decent,Moderate,Narrow,Wide,Stiff,Stiff,Moderate,3.5 mm,34.3 mm 27.0 mm,17.0 mm 17.0 mm,Normal Wide,0,All seasons,1,1,-,#331 Bottom 12%,#308 Bottom 18%
Merrell Moab Flight,89 Great!,2570750 Rp,Light,-,-,-,Neutral,9.6 oz / 271g 10.6 oz / 300g,0,13.5 mm 10.0 mm,Heel,True to size,Balanced,Normal,0,Good,Good,Good,Warm,Medium,Medium,Moderate,Stiff,Moderate,2.9 mm,32.6 mm 29.0 mm,19.1 mm 19.0 mm,Normal,0,All seasons,1,1,-,#94 Top 25%,#321 Bottom 15%
Merrell Morphlite,87 Great!,2175250 Rp,Light,Moderate,Low,-,Neutral,8.4 oz / 237g 8.6 oz / 243g,1,11.0 mm 6.0 mm,Heel,True to size,Soft,Small,0,Bad,Decent,Decent,Moderate,Narrow,Medium,Moderate,Stiff,Flexible,2.0 mm,32.3 mm 26.0 mm,21.3 mm 20.0 mm,Normal Wide,0,All seasons,1,1,-,#157 Top 42%,#297 Bottom 21%
Merrell Nova 2,85 Good!,2570750 Rp,Moderate Technical,-,-,-,Neutral,10.3 oz / 293g 9.9 oz / 280g,0,9.3 mm 8.0 mm,Heel Mid/forefoot,-,-,-,Rock plate,-,-,-,-,Narrow,-,Stiff,-,-,4.2 mm,35.1 mm 29.0 mm,25.8 mm 21.0 mm,Normal,0,-,0,0,-,#441 Bottom 34%,#464 Bottom 31%
Merrell Nova 3,80 Good!,2669630 Rp,Light Moderate,Moderate,Moderate,-,Neutral,10.8 oz / 305g 10.4 oz / 295g,0,9.9 mm 8.0 mm,Heel Mid/forefoot,True to size,Balanced,Small,Rock plate,Decent,Decent,Good,Moderate,Narrow,Medium,Moderate,Stiff,Flexible,3.5 mm,34.1 mm 29.0 mm,24.2 mm 21.0 mm,Normal Wide,0,All seasons,1,1,-,#605 Bottom 10%,#306 Top 46%
Merrell Nova 4,86 Good!,2966250 Rp,Light Moderate,Moderate,Low,Moderate,Neutral,9.6 oz / 272g 9.7 oz / 275g,0,12.1 mm 8.0 mm,Heel,-,Balanced,Small,0,Decent,Decent,Decent,Moderate,Medium,Medium,Moderate,Stiff,Flexible,4.0 mm,37.7 mm 29.0 mm,25.6 mm 21.0 mm,Normal Wide,0,All seasons,1,1,-,#199 Bottom 47%,#164 Top 44%
Merrell Trail Glove 7,84 Good!,2669630 Rp,Light,-,-,-,Neutral,7.8 oz / 221g 9 oz / 255g,1,0.1 mm 0.0 mm,Mid/forefoot,True to size,Balanced,Normal,0,Decent,Bad,Decent,Moderate,Medium,Wide,Moderate,Flexible,Flexible,2.5 mm,16.1 mm 14.0 mm,16.0 mm 14.0 mm,Normal,0,All seasons,0,0,-,#236 Bottom 37%,#174 Top 46%
New Balance 510 v6,74 Bad!,$90,Light,-,-,-,Neutral,11 oz / 312g 11.5 oz / 326g,0,8.2 mm,Heel Mid/forefoot,True to size,Balanced,Small,0,Decent,Bad,Good,Moderate,Narrow,Medium,Stiff,Moderate,Moderate,2.9 mm,33.8 mm,25.6 mm,Normal Wide X-Wide,0,All seasons,1,1,-,#368 Bottom 2%,#319 Bottom 15%
New Balance DynaSoft Nitrel v6,75 Bad!,1977500 Rp,Light,Low,Low,-,Neutral,10.3 oz / 291g 10.1 oz / 285g,0,2.5 mm 6.0 mm,Mid/forefoot,True to size,Balanced,Small,0,Decent,Decent,Good,Moderate,Medium,Medium,Moderate,Flexible,Moderate,2.7 mm,22.7 mm 27.0 mm,20.2 mm 21.0 mm,Normal Wide X-Wide,0,All seasons,1,1,-,#365 Bottom 3%,#193 Bottom 49%
New Balance Fresh Foam 680 v8,84 Good!,2274130 Rp,-,Moderate,Moderate,High,Neutral,9.2 oz / 261g 9.5 oz / 268g,0,7.8 mm,Mid/forefoot,Slightly small,Soft,Normal,0,Good,Good,Good,Breathable,Medium,Medium,Flexible,Flexible,Moderate,‐,35.4 mm,27.6 mm,Normal Wide X-Wide,0,Summer All seasons,1,1,-,#251 Bottom 33%,#28 Top 8%
New Balance Fresh Foam X 1080 v14,86 Good!,3757250 Rp,-,High,Moderate,High,Neutral,10.1 oz / 285g 10.5 oz / 298g,0,4.2 mm 6.0 mm,Mid/forefoot,True to size,Soft,Normal,0,Good,Decent,Good,Moderate,Medium,Narrow,Moderate,Stiff,Stiff,‐,37.0 mm 38.0 mm,32.8 mm 32.0 mm,Narrow Normal Wide X-Wide,0,All seasons,1,1,-,#185 Top 49%,#5 Top 2%
New Balance Fresh Foam X 880 v15,85 Good!,3164000 Rp,-,Moderate,Moderate,High,Neutral,10.1 oz / 286g 9.9 oz / 281g,0,4.3 mm 6.0 mm,Mid/forefoot,Slightly small,Soft,Small,0,Decent,Good,Decent,Moderate,Medium,Medium,Stiff,Stiff,Stiff,‐,39.7 mm 40.5 mm,35.4 mm 34.5 mm,Narrow Normal Wide X-Wide,0,All seasons,1,1,-,#207 Bottom 45%,#39 Top 11%
New Balance Fresh Foam X Garoe v2,90 Great!,$110,Light,High,Moderate,-,Neutral,9.5 oz / 269g 10.5 oz / 298g,0,11.0 mm 8.0 mm,Heel,-,Soft,Small,0,Decent,Decent,Good,Moderate,Narrow,Medium,Stiff,Stiff,Stiff,3.2 mm,38.4 mm,27.4 mm,Normal,0,All seasons,1,1,-,#54 Top 15%,#120 Top 32%
New Balance Fresh Foam X Hierro v9,84 Good!,$155,Light,High,Moderate,-,Neutral,10.9 oz / 309g 10.5 oz / 297g,0,4.2 mm 4.0 mm,Mid/forefoot,Half size small,Soft,Small,0,Good,Good,Good,Moderate,Medium,Medium,Stiff,Stiff,Moderate,3.3 mm,37.3 mm 33.0 mm,33.1 mm 29.0 mm,Normal Wide X-Wide,0,All seasons,1,1,-,#238 Bottom 37%,#24 Top 7%
New Balance Fresh Foam X More Trail v3,87 Great!,$160,Moderate Technical,High,Moderate,-,Neutral,10.6 oz / 301g 10.6 oz / 301g,0,7.1 mm 4.0 mm,Mid/forefoot,True to size,Soft,Normal,0,Very bad,Decent,-,Moderate,Medium,Narrow,Moderate,Moderate,Moderate,5.0 mm,38.6 mm 39.4 mm,31.5 mm 35.4 mm,Normal Wide,0,All seasons,1,1,-,#169 Top 45%,#30 Top 8%
New Balance Fresh Foam X More v6,89 Great!,3361750 Rp,-,High,Moderate,Moderate,Neutral,10.7 oz / 302g 10.8 oz / 306g,0,3.3 mm 4.0 mm,Mid/forefoot,True to size,Soft,Big,0,Decent,Good,Good,Warm,Medium,Medium,Stiff,Moderate,Moderate,‐,41.8 mm 44.0 mm,38.5 mm 40.0 mm,Narrow Normal Wide X-Wide,0,All seasons,1,1,-,#123 Top 33%,#3 Top 1%
New Balance FuelCell Rebel v4,86 Good!,3164000 Rp,-,High,Moderate,High,Neutral,7.5 oz / 213g 7.7 oz / 218g,1,6.5 mm 6.0 mm,Mid/forefoot,Slightly small,Soft,Big,0,Very bad,Good,Good,Moderate,Medium,Wide,Flexible,Flexible,Flexible,‐,28.0 mm 30.0 mm,21.5 mm 24.0 mm,Normal Wide,0,All seasons,1,1,-,#406 Bottom 39%,#62 Top 10%
New Balance FuelCell Rebel v5,90 Great!,3164000 Rp,-,High,Moderate,High,Neutral,7.8 oz / 220g 7.9 oz / 225g,1,6.3 mm 6.0 mm,Mid/forefoot,True to size,Soft,Small,0,Very bad,Good,Good,Moderate,Medium,Medium,Moderate,Flexible,Moderate,‐,33.0 mm 35.0 mm,26.7 mm 29.0 mm,Normal Wide,0,All seasons,1,1,-,#39 Top 11%,#32 Top 9%
New Balance FuelCell SuperComp Elite v5,92 Superb!,5537000 Rp,-,High,High,High,Neutral,7 oz / 198g 7.5 oz / 213g,1,10.7 mm 8.0 mm,Heel,True to size,Soft,Small,Carbon plate,Very bad,Decent,Decent,Moderate,Medium,Medium,Moderate,Stiff,Flexible,‐,39.3 mm 40.0 mm,28.6 mm 32.0 mm,Normal Wide,0,All seasons,1,1,-,#12 Top 4%,#33 Top 9%
New Balance FuelCell SuperComp Trail,90 Great!,$200,Light Moderate,-,-,-,Neutral,8.7 oz / 248g 8.8 oz / 249g,1,13.0 mm 10.0 mm,Heel,Half size small,Soft,Normal,Carbon plate,Decent,Decent,Good,Moderate,Medium,Medium,Stiff,Stiff,Moderate,2.9 mm,34.7 mm 36.5 mm,21.7 mm 26.5 mm,Normal,0,All seasons,1,1,-,#70 Top 19%,#319 Bottom 15%
New Balance MT10,85 Good!,2373000 Rp,Light,Low,Low,-,Neutral,7.1 oz / 200g 7.2 oz / 204g,1,5.0 mm 4.0 mm,Mid/forefoot,Slightly small,Firm,Small,0,Very good,Decent,Good,Moderate,Narrow,Medium,Flexible,Flexible,Flexible,‐,15.6 mm 14.0 mm,10.6 mm 10.0 mm,Normal,0,All seasons,0,0,-,#212 Bottom 44%,#142 Top 38%
New Balance Tektrel,76 Bad!,$90,Light,-,-,-,Neutral,10.7 oz / 302g 9.9 oz / 282g,0,8.0 mm 8.0 mm,Heel Mid/forefoot,Slightly small,Balanced,Normal,0,Good,Decent,Decent,Breathable,Medium,Wide,Stiff,Moderate,Moderate,2.4 mm,32.2 mm 32.0 mm,24.2 mm 24.0 mm,Normal Wide,0,Summer All seasons,1,1,-,#358 Bottom 5%,#166 Top 44%
Nike Air Zoom Terra Kiger 6,87 Great!,2768500 Rp,Moderate,-,-,-,Neutral,11.2 oz / 317g 10.3 oz / 291g,0,4.4 mm 4.0 mm,Mid/forefoot,-,-,-,Rock plate,-,-,-,-,Wide,-,Stiff,-,-,4.8 mm,19.6 mm 15.0 mm,15.2 mm 11.0 mm,Normal,0,-,0,0,-,#359 Bottom 46%,#600 Bottom 10%
Nike Alphafly 3,88 Great!,6129030 Rp,-,High,High,Moderate,Neutral,7.1 oz / 201g 7 oz / 198g,1,8.5 mm 8.0 mm,Heel Mid/forefoot,Slightly small,Soft,Small,Carbon plate,Very bad,Good,Bad,Breathable,Medium,Medium,Stiff,Stiff,Flexible,‐,38.1 mm 40.0 mm,29.6 mm 32.0 mm,Normal,0,Summer All seasons,0,0,,#136 Top 36%,#23 Top 7%
Nike Juniper Trail 2 GTX,"75
 Bad!",2273680Rp,Light,-,-,-,Neutral,10.3 oz / 293g 11.4 oz / 323g,0,10.2 mm 9.0 mm,Heel,True to size,Firm,Small,0,Very good,Good,Good,Warm,Wide,Wide,Stiff,Stiff,Moderate,2.7 mm,34.5 mm 35.0 mm,24.3 mm 26.0 mm,Normal,0,Winter,1,1,Waterproof,#362 Bottom 4%,#248 Bottom 34%
Nike Pegasus 41,88 Great!,2767950 Rp,-,Moderate,Moderate,Low,Neutral,9.9 oz / 281g 10 oz / 283g,0,11.4 mm 10.0 mm,Heel,True to size,Soft,Normal,0,Decent,Good,Good,Moderate,Medium,Medium,Flexible,Flexible,Stiff,‐,33.6 mm 37.0 mm,22.2 mm 27.0 mm,Normal Wide X-Wide,0,All seasons,1,1,-,#132 Top 35%,#11 Top 3%
Nike Pegasus Premium,83 Good!,4178310 Rp,-,High,High,High,Neutral,10.9 oz / 308g 10.9 oz / 309g,0,11.8 mm 10.0 mm,Heel,Slightly small,Soft,Small,0,Very bad,Good,Decent,Breathable,Narrow,Narrow,Stiff,Stiff,Stiff,‐,42.8 mm 45.0 mm,31.0 mm 35.0 mm,Normal,0,Summer All seasons,1,1,,#267 Bottom 29%,#14 Top 4%
Nike Pegasus Trail 3,90 Great!,$130,Light Moderate,-,-,-,Neutral,10.8 oz / 306g 11.3 oz / 320g,0,10.3 mm 10.0 mm,Heel,True to size,Soft,Big,0,-,-,-,Warm,Medium,-,Stiff,Moderate,Moderate,3.3 mm,35.3 mm 36.0 mm,25.0 mm 26.0 mm,Normal,0,All seasons,1,1,,#92 Top 14%,#413 Bottom 38%
Nike Pegasus Trail 4,88 Great!,$140,Light,High,Low,-,Neutral,9.6 oz / 272g 10.4 oz / 295g,0,12.7 mm 10.0 mm,Heel,True to size,-,-,0,-,-,-,-,Medium,-,Moderate,Flexible,Moderate,3.4 mm,35.5 mm 36.0 mm,22.8 mm 26.0 mm,Normal,0,-,1,1,-,#253 Top 38%,#201 Top 30%
Nike Pegasus Trail 4 GTX,"86
 Good!",$160,LightModerate,-,-,-,Neutral,9.6 oz / 271g 9.6 oz / 272g,0,12.8 mm 10.0 mm,Heel,Slightly small,Soft,Small,0,Good,Good,Good,Warm,Medium,Wide,Stiff,Stiff,Flexible,3.5 mm,37.7 mm 37.0 mm,24.9 mm 27.0 mm,Normal,0,Winter,1,1,Waterproof,#388 Bottom 42%,#388 Bottom 42%
Nike Pegasus Trail 5,89 Great!,$150,Light,High,Moderate,-,Neutral,10.1 oz / 286g 10.1 oz / 286g,0,9.6 mm 9.5 mm,Heel Mid/forefoot,True to size,Soft,Normal,0,Very good,Good,Good,Warm,Medium,Medium,Moderate,Moderate,Stiff,3.2 mm,34.6 mm 37.0 mm,25.0 mm 27.5 mm,Narrow Normal Wide,0,All seasons,1,1,-,#92 Top 25%,#49 Top 13%
Nike Pegasus Trail 5 GTX,"76
 Bad!",$170,Light,Moderate,Moderate,-,Neutral,9.9 oz / 281g 10.6 oz / 300g,0,8.3 mm 9.5 mm,HeelMid/forefoot,Slightly small,Soft,Normal,0,Decent,Bad,Good,Warm,Medium,Wide,Moderate,Stiff,Flexible,3.6 mm,32.1 mm 37.0 mm,23.8 mm 27.5 mm,Normal,0,Winter,1,1,Waterproof,#355 Bottom 6%,#122 Top 33%
Nike Quest 6,"84
 Good!",1591740Rp,-,Low,Low,Moderate,Neutral,10 oz / 283g 10.4 oz / 295g,0,12.0 mm 10.0 mm,Heel,True to size,Balanced,Small,0,Decent,Good,Decent,Moderate,Medium,Medium,Moderate,Flexible,Moderate,‐,35.2 mm,23.2 mm,Normal,0,All seasons,1,1,-,#256 Bottom 32%,#91 Top 25%
Nike Terra Kiger 9,90 Great!,$150,Moderate Technical,-,-,-,Neutral,10.2 oz / 288g 10.1 oz / 286g,,4.4 mm 3.0 mm,Mid/forefoot,True to size,Soft,Normal,0,Very good,Decent,-,Moderate,Medium,Medium,Stiff,Moderate,Moderate,4.4 mm,30.1 mm 31.0 mm,25.7 mm 28.0 mm,Normal,0,All seasons,1,1,-,#41 Top 11%,#317 Bottom 16%
Nike Terra Kiger 9,90 Great!,2966250 Rp,Moderate Technical,-,-,-,Neutral,10.2 oz / 288g 10.1 oz / 286g,0,4.4 mm 3.0 mm,Mid/forefoot,True to size,Soft,Normal,0,Very good,Decent,-,Moderate,Medium,Medium,Stiff,Moderate,Moderate,4.4 mm,30.1 mm 31.0 mm,25.7 mm 28.0 mm,Normal,0,All seasons,1,1,-,#41 Top 11%,#317 Bottom 16%
Nike Ultrafly,89 Great!,$260,Light Moderate,High,High,-,Neutral,10.5 oz / 299g 10.1 oz / 286g,0,11.8 mm 8.5 mm,Heel,True to size,Soft,Small,Carbon plate,Very bad,Good,Good,Moderate,Medium,Wide,Stiff,Stiff,Moderate,3.0 mm,36.6 mm 38.0 mm,24.8 mm 29.5 mm,Normal,0,All seasons,1,1,-,#89 Top 24%,#229 Bottom 39%
Nike Vaporfly 4,91 Superb!,5140480 Rp,-,High,High,High,Neutral,5.9 oz / 166g 6.5 oz / 184g,1,8.6 mm 6.0 mm,Heel Mid/forefoot,True to size,Soft,Small,Carbon plate,Good,Decent,Bad,Moderate,Narrow,Medium,Stiff,Stiff,Flexible,‐,34.1 mm 35.0 mm,25.5 mm 29.0 mm,Normal,0,All seasons,1,1,,#34 Top 9%,#22 Top 6%
Nike Vomero 18,91 Superb!,2984510 Rp,-,High,Moderate,Moderate,Neutral,10.5 oz / 298g 11.5 oz / 325g,0,13.9 mm 10.0 mm,Heel,True to size,Soft,Small,0,Decent,Good,Decent,Moderate,Medium,Narrow,Moderate,Stiff,Moderate,‐,42.5 mm 45.0 mm,28.6 mm 35.0 mm,Normal Wide X-Wide,0,All seasons,1,1,-,#28 Top 8%,#8 Top 3%
Nike Vomero Plus,92 Superb!,3361090 Rp,-,High,High,Moderate,Neutral,10.2 oz / 289g 10.1 oz / 285g,,9.6 mm 10.0 mm,Heel Mid/forefoot,True to size,Soft,Small,0,Decent,Good,Good,Moderate,Medium,Medium,Stiff,Stiff,Moderate,‐,42.3 mm 45.0 mm,32.7 mm 35.0 mm,Normal Wide X-Wide,0,All seasons,1,1,-,#20 Top 6%,#4 Top 2%
Nike Vomero Premium,79 Good!,4547350 Rp,-,High,Moderate,High,Neutral,11.5 oz / 326g 12.4 oz / 351g,0,8.8 mm 10.0 mm,Heel Mid/forefoot,-,Soft,Small,0,Decent,Good,Good,Moderate,Medium,Narrow,Stiff,Stiff,Stiff,‐,50.1 mm 55.0 mm,41.3 mm 45.0 mm,Normal,0,All seasons,1,1,-,#129 Top 35%,#10 Top 3%
Nike Wildhorse 10,"91
 Superb!",$165,LightModerate,High,Moderate,-,Neutral,11 oz / 312g 11 oz / 311g,0,10.9 mm 9.5 mm,Heel,True to size,Soft,Normal,Rock plate,Very bad,Good,Decent,Moderate,Medium,Medium,Moderate,Moderate,Moderate,3.4 mm,38.3 mm 38.0 mm,27.4 mm 28.5 mm,Normal,0,All seasons,1,1,-,#37 Top 10%,#126 Top 34%
Nike Winflo 11,86 Good!,2174820 Rp,-,Moderate,Low,Moderate,Neutral,10.4 oz / 295g 10 oz / 283g,0,12.3 mm 10.0 mm,Heel,True to size,Soft,Normal,0,Decent,Good,Good,Moderate,Narrow,Medium,Moderate,Stiff,Moderate,‐,37.6 mm 35.0 mm,25.3 mm 25.0 mm,Normal Wide X-Wide,0,All seasons,1,1,,#198 Bottom 47%,#75 Top 20%
Nike Zegama 2,87 Great!,$180,Moderate,Moderate,Moderate,-,Neutral,10.7 oz / 302g 10.7 oz / 303g,0,4.0 mm 4.0 mm,Mid/forefoot,True to size,Soft,Small,0,Good,Good,Good,Moderate,Medium,Wide,Moderate,Stiff,Flexible,4.0 mm,30.3 mm 36.0 mm,26.3 mm 32.0 mm,Normal,0,All seasons,1,1,-,#154 Top 41%,#105 Top 28%
Nike Zoom Fly 6,92 Superb!,3361090 Rp,-,High,Moderate,Moderate,Neutral,8.7 oz / 248g 8.6 oz / 244g,1,9.6 mm 8.0 mm,Heel Mid/forefoot,True to size,Soft,Small,Carbon plate,Very good,Good,Good,Moderate,Narrow,Medium,Stiff,Stiff,Stiff,‐,39.7 mm 40.0 mm,30.1 mm 32.0 mm,Normal,0,All seasons,1,1,-,#15 Top 4%,#27 Top 8%
NNormal Kjerag,93 Superb!,$195,Light,Moderate,Moderate,,Neutral,7.5 oz / 214g 7.1 oz / 200g,1,8.6 mm 6.0 mm,Mid/forefoot,True to size,Balanced,Normal,0,Decent,Decent,Decent,Warm,Medium,Medium,Flexible,Moderate,Flexible,3.0 mm,25.0 mm 23.5 mm,16.4 mm 17.5 mm,Normal,0,All seasons,0,0,-,#7 Top 2%,#262 Bottom 30%
On Cloudsurfer Trail,86 Good!,3382440 Rp,Light,High,Low,-,Neutral,9.6 oz / 272g 9.6 oz / 272g,0,10.7 mm 7.0 mm,Heel,True to size,Balanced,Small,0,Decent,Bad,Good,Moderate,Medium,Medium,Moderate,Stiff,Moderate,2.5 mm,37.4 mm 41.0 mm,26.7 mm 34.0 mm,Normal,1,All seasons,1,1,,#409 Bottom 39%,#377 Bottom 44%
On Cloudsurfer Trail 2,N/A,3361750 Rp,Light,Moderate,Low,High,Neutral,10 oz / 283g 10.1 oz / 287g,0,14.0 mm 8.0 mm,Heel,-,Balanced,Small,0,Decent,Good,Good,Moderate,Medium,Narrow,Moderate,Stiff,Stiff,2.0 mm,40.8 mm 34.0 mm,26.8 mm 26.0 mm,Normal,0,All seasons,1,1,-,#204 Bottom 46%,#243 Bottom 35%
On Cloudsurfer Trail 2,N/A,3361750 Rp,Light,Moderate,Low,High,Neutral,10 oz / 283g 10.1 oz / 287g,0,14.0 mm 8.0 mm,Heel,-,Balanced,Small,0,Decent,Good,Good,Moderate,Medium,Narrow,Moderate,Stiff,Stiff,2.0 mm,40.8 mm 34.0 mm,26.8 mm 26.0 mm,Normal,0,All seasons,1,1,,#204 Bottom 46%,#243 Bottom 35%
On Cloudultra 2,89 Great!,$180,Light,Moderate,Moderate,-,Neutral,10.4 oz / 296g 10.4 oz / 295g,0,10.2 mm 6.0 mm,Heel,True to size,Firm,Small,Rock plate,Bad,Decent,Good,Breathable,Medium,Medium,Flexible,Flexible,Flexible,2.5 mm,30.2 mm 27.0 mm,20.0 mm 21.0 mm,Normal,0,Summer All seasons,1,1,-,#108 Top 29%,#268 Bottom 29%
On Cloudvista,89 Great!,$150,Light,-,-,-,Neutral,10.1 oz / 285g 9.9 oz / 280g,0,10.3 mm 10.3 mm,Heel,Half size small,Balanced,Big,Rock plate,Very bad,Bad,Good,Breathable,Medium,Medium,Stiff,Moderate,Flexible,2.5 mm,32.3 mm 32.3 mm,22.0 mm 22.0 mm,Normal,0,Summer All seasons,1,1,-,#153 Top 23%,#475 Bottom 29%
On Cloudvista 2,89 Great!,$150,Light,Moderate,Low,-,Neutral,10.3 oz / 292g 10.9 oz / 309g,0,6.0 mm 5.0 mm,Mid/forefoot,True to size,Balanced,Small,0,Decent,Bad,Good,Warm,Narrow,Medium,Moderate,Stiff,Moderate,3.1 mm,31.7 mm 29.0 mm,25.7 mm 24.0 mm,Narrow Normal,0,All seasons,1,1,-,#114 Top 31%,#184 Top 49%
On Cloudvista 2,89 Great!,$150,Light,Moderate,Low,-,Neutral,10.3 oz / 292g 10.9 oz / 309g,0,6.0 mm 5.0 mm,Mid/forefoot,True to size,Balanced,Small,0,Decent,Bad,Good,Warm,Narrow,Medium,Moderate,Stiff,Moderate,3.1 mm,31.7 mm 29.0 mm,25.7 mm 24.0 mm,Narrow Normal,0,All seasons,1,1,,#114 Top 31%,#184 Top 49%
Salomon Genesis,92 Superb!,2965660 Rp,Moderate Technical,Moderate,Moderate,-,Neutral,9.9 oz / 282g 9.7 oz / 275g,0,9.0 mm 8.0 mm,Heel Mid/forefoot,True to size,Balanced,Small,0,Good,Good,Decent,Moderate,Medium,Medium,Moderate,Moderate,Stiff,4.0 mm,33.5 mm 33.0 mm,24.5 mm 25.0 mm,Normal,0,All seasons,1,1,Water repellent,#14 Top 4%,#227 Bottom 40%
Salomon Pulsar Trail,87 Great!,2966250 Rp,Light,-,-,-,Neutral,9.9 oz / 281g 9.9 oz / 280g,,7.2 mm 6.0 mm,Mid/forefoot,True to size,Soft,Small,Rock plate,Decent,Good,Good,Moderate,Medium,Medium,Stiff,Stiff,Moderate,2.5 mm,31.0 mm 32.6 mm,23.8 mm 26.6 mm,Normal,0,All seasons,1,1,-,#155 Top 41%,#305 Bottom 19%
Salomon S/Lab Genesis,92 Superb!,3955000 Rp,Moderate,Moderate,Moderate,High,Neutral,8.8 oz / 249g 9.1 oz / 258g,1,7.8 mm 8.0 mm,Mid/forefoot,True to size,Soft,Small,Rock plate,Bad,Decent,Decent,Moderate,Medium,Medium,Moderate,Moderate,Flexible,4.3 mm,31.9 mm 33.0 mm,24.1 mm 25.0 mm,Normal,0,All seasons,1,1,-,#17 Top 5%,#351 Bottom 7%
Salomon S/Lab Pulsar 4,78 Decent!,4350500 Rp,Light,High,Low,High,Neutral,8.7 oz / 247g 8.8 oz / 250g,1,7.1 mm 6.0 mm,Mid/forefoot,-,Soft,Normal,0,Decent,Good,Good,Warm,Medium,Medium,Moderate,Stiff,Moderate,3.0 mm,32.6 mm 31.0 mm,25.5 mm 25.0 mm,Normal,0,All seasons,0,0,-,#340 Bottom 10%,#373 Bottom 1%
Salomon S/Lab Ultra,82 Good!,4746000 Rp,Light Moderate,High,Moderate,High,Neutral,10.2 oz / 290g 10.3 oz / 293g,0,10.2 mm 8.0 mm,Heel,-,Soft,Normal,0,Bad,Good,Good,Moderate,Narrow,Narrow,Moderate,Stiff,Flexible,3.5 mm,36.3 mm 40.0 mm,26.1 mm 32.0 mm,Normal,0,All seasons,1,1,-,#285 Bottom 24%,#366 Bottom 3%
Salomon S/Lab Ultra Glide,77 Decent!,4943750 Rp,Light Moderate,Moderate,Low,High,Neutral,10.8 oz / 305g 10.2 oz / 290g,0,7.2 mm 6.0 mm,Mid/forefoot,-,Balanced,Small,0,Good,Good,Good,Warm,Narrow,Medium,Stiff,Stiff,Moderate,3.2 mm,41.0 mm 41.0 mm,33.8 mm 35.0 mm,Normal,0,All seasons,1,1,-,#350 Bottom 7%,#360 Bottom 5%
Salomon Sense Pro 4,87 Great!,2965660 Rp,Moderate Technical,-,-,-,Neutral,9.6 oz / 272g 9 oz / 255g,,4.0 mm 4.0 mm,Mid/forefoot,-,-,-,Rock plate,-,-,-,-,Medium,-,Stiff,-,Flexible,4.3 mm,24.4 mm 25.0 mm,20.5 mm 21.0 mm,Normal,0,-,0,0,Water repellent,#156 Top 42%,#369 Bottom 2%
Salomon Sense Ride 4,88 Great!,2373000 Rp,Moderate,-,-,-,Neutral,10.5 oz / 297g 10.2 oz / 290g,0,7.3 mm 8.0 mm,Mid/forefoot,True to size,-,-,0,-,-,-,Moderate,Medium,-,Stiff,Moderate,-,3.6 mm,26.5 mm 27.0 mm,19.2 mm 19.0 mm,Normal,0,All seasons,1,1,-,#244 Top 37%,#503 Bottom 25%
Salomon Sense Ride 5,89 Great!,$140,Light Moderate,Low,Moderate,-,Neutral,10.3 oz / 291g 10.3 oz / 291g,0,8.7 mm 8.3 mm,Heel Mid/forefoot,Slightly small,Balanced,Small,0,-,-,-,Moderate,Medium,Medium,Moderate,Moderate,Flexible,3.5 mm,27.2 mm 29.6 mm,18.5 mm 21.3 mm,Narrow Normal,0,All seasons,1,1,-,#111 Top 30%,#168 Top 45%
Salomon Speedcross 6,89 Great!,$145,Technical,Low,Low,-,Neutral,10.4 oz / 296g 10.5 oz / 298g,0,14.1 mm 10.0 mm,Heel,True to size,Firm,Small,0,Good,Decent,Decent,Warm,Medium,Medium,Moderate,Stiff,Stiff,5.8 mm,36.5 mm 32.0 mm,22.4 mm 22.0 mm,Normal Wide,0,Winter,1,1,-,#109 Top 29%,#71 Top 19%
Salomon Speedcross 6 GTX,87 Great!,3361750 Rp,Technical,-,-,-,Neutral,11.5 oz / 325g 11.6 oz / 328g,,11.2 mm 10.0 mm,Heel,Slightly small,Firm,Small,0,Good,Good,Decent,Warm,Medium,Medium,Stiff,Stiff,Stiff,5.0 mm,37.0 mm 32.0 mm,25.8 mm 22.0 mm,Normal,0,Winter,1,1,Waterproof,#168 Top 45%,#120 Top 32%
Salomon Supercross 4,85 Good!,$120,Moderate Technical,-,-,-,Neutral,11.1 oz / 315g 10.7 oz / 303g,0,15.2 mm 11.0 mm,Heel,True to size,Soft,Small,0,Good,Good,Good,Moderate,Medium,Narrow,Stiff,Flexible,Flexible,4.2 mm,35.1 mm 32.0 mm,19.9 mm 21.0 mm,Normal,0,All seasons,1,1,0,#221 Bottom 41%,#254 Bottom 32%
Salomon Thundercross,89 Great!,2768500 Rp,Moderate Technical,Low,Low,-,Neutral,9.6 oz / 271g 10.2 oz / 290g,0,3.0 mm 4.0 mm,Mid/forefoot,True to size,Soft,Normal,0,Good,Decent,Good,Warm,Medium,Medium,Moderate,Stiff,Flexible,4.0 mm,27.6 mm 31.0 mm,24.6 mm 27.0 mm,Normal,0,Winter,1,1,-,#103 Top 28%,#231 Bottom 39%
Salomon Ultra Flow,83 Good!,2570750 Rp,Light,Moderate,Moderate,-,Neutral,9.1 oz / 258g 8.6 oz / 244g,0,12.5 mm 6.0 mm,Heel,Slightly small,Soft,Normal,0,Good,Decent,Decent,Moderate,Medium,Medium,Moderate,Stiff,Stiff,2.8 mm,34.9 mm 32.0 mm,22.4 mm 26.0 mm,Normal,0,All seasons,1,1,-,#281 Bottom 25%,#307 Bottom 18%
Salomon Ultra Glide,89 Great!,$140,Light Moderate,-,-,-,Neutral,9.7 oz / 275g 10 oz / 283g,,8.8 mm 6.0 mm,Heel Mid/forefoot,True to size,Balanced,Normal,0,Good,-,-,Breathable,Narrow,Medium,Stiff,Flexible,Moderate,3.0 mm,31.2 mm 32.0 mm,22.4 mm 26.0 mm,Normal Wide,0,Summer All seasons,1,1,-,#186 Top 28%,#396 Bottom 41%
Salomon Ultra Glide 2,86 Good!,$150,Light Moderate,Moderate,Moderate,-,Neutral,10.1 oz / 286g 9.2 oz / 260g,0,7.2 mm 6.0 mm,Mid/forefoot,True to size,Soft,Big,0,Bad,-,-,Moderate,Narrow,Narrow,Moderate,Flexible,Moderate,2.8 mm,30.6 mm 32.0 mm,23.4 mm 26.0 mm,Normal,0,All seasons,0,0,-,#187 Top 50%,#208 Bottom 45%
Salomon XA Pro 3D GTX,87 Great!,3361750 Rp,Light Moderate,-,-,-,Stability,13.4 oz / 379g 14.3 oz / 405g,0,13.1 mm 12.0 mm,Heel,True to size,Firm,Small,0,-,-,-,Warm,Medium,-,Stiff,Stiff,Stiff,2.9 mm,31.9 mm 27.0 mm,18.8 mm 15.0 mm,Normal,0,Winter,1,1,Waterproof,#362 Bottom 46%,#354 Bottom 47%
Salomon XA Pro 3D V8,89 Great!,2966250 Rp,Light Moderate,-,-,-,Stability,12.3 oz / 350g 12 oz / 340g,,14.6 mm 11.0 mm,Heel,True to size,Firm,Small,0,-,-,-,Moderate,Medium,-,Stiff,Stiff,Stiff,2.9 mm,35.0 mm 28.0 mm,20.4 mm 17.0 mm,Normal Wide,0,All seasons,1,1,-,#190 Top 29%,#534 Bottom 20%
Salomon XA Pro 3D v9,75 Bad!,2966250 Rp,Light Moderate,-,-,-,Stability,12.2 oz / 346g 11.4 oz / 323g,0,12.5 mm 11.0 mm,Heel,True to size,Firm,Small,0,Very good,Decent,Good,Moderate,Wide,Medium,Stiff,Stiff,Stiff,2.8 mm,31.7 mm 28.0 mm,19.2 mm 17.0 mm,Normal Wide,0,All seasons,1,1,-,#361 Bottom 4%,#123 Top 33%
Salomon XA Pro 3D v9 GTX,83 Good!,3361750 Rp,Light Moderate,Low,Low,-,Stability,12.7 oz / 359g 12.7 oz / 360g,0,13.5 mm 11.0 mm,Heel,True to size,Firm,Small,Rock plate,Very good,Decent,Good,Warm,Medium,Medium,Stiff,Stiff,Stiff,2.8 mm,33.5 mm,20.0 mm,Normal Wide,0,Winter,1,1,Waterproof,#263 Bottom 30%,#45 Top 12%
Saucony Endorphin Edge,"87
 Great!",$200,Moderate,Moderate,High,-,Neutral,9.5 oz / 269g 9.1 oz / 258g,0,7.1 mm 6.0 mm,Mid/forefoot,True to size,Soft,Small,Carbon plate,-,-,-,Moderate,Narrow,-,Stiff,Stiff,Moderate,3.4 mm,33.4 mm 36.0 mm,26.3 mm 30.0 mm,Normal,0,All seasons,1,1,-,#175 Top 47%,#270 Bottom 28%
Saucony Endorphin Rift,"85
 Good!",$170,Technical,-,-,-,Neutral,9 oz / 255g 9.1 oz / 258g,0,7.9 mm 6.0 mm,Mid/forefoot,True to size,Soft,Small,Rock plate,Good,Good,Good,Breathable,Medium,Medium,Stiff,Moderate,Moderate,4.5 mm,33.0 mm 34.0 mm,25.1 mm 28.0 mm,Normal,0,SummerAll seasons,1,1,-,#331 Bottom 12%,#292 Bottom 22%
Saucony Endorphin Trail,85 Good!,3559500 Rp,Technical,-,-,,Neutral,11 oz / 312g 10.4 oz / 295g,0,5.2 mm 4.0 mm,Mid/forefoot,True to size,-,-,0,-,-,-,-,Medium,-,Stiff,Stiff,Stiff,4.5 mm,36.3 mm 36.5 mm,31.1 mm 32.5 mm,Normal,,-,1,1,-,#205 Bottom 45%,#315 Bottom 16%
Saucony Peregrine 11,"88
 Great!",2768500Rp,Technical,-,-,-,Neutral,11.2 oz / 318g 10.9 oz / 310g,0,5.1 mm 4.0 mm,Mid/forefoot,Slightly large,-,-,Rock plate,-,-,-,-,Medium,-,Stiff,Moderate,-,4.4 mm,27.5 mm 27.0 mm,22.4 mm 23.0 mm,Normal,0,-,1,1,-,#275 Top 41%,#624 Bottom 7%
Saucony Peregrine 12,"86
 Good!",3065130Rp,Technical,-,-,-,Neutral,10.1 oz / 285g 9.6 oz / 272g,0,6.9 mm 4.0 mm,Mid/forefoot,True to size,-,-,Rock plate,-,-,-,-,Wide,-,Stiff,-,-,4.6 mm,30.2 mm 26.5 mm,23.2 mm 22.5 mm,NormalWide,0,-,0,0,-,#369 Bottom 45%,#560 Bottom 16%
Saucony Peregrine 13,"89
 Great!",3065130Rp,Technical,-,-,-,Neutral,9.6 oz / 271g 9.6 oz / 271g,0,3.9 mm 4.0 mm,Mid/forefoot,Slightly small,Balanced,Small,Rock plate,-,-,-,Moderate,Medium,Narrow,Stiff,Flexible,Moderate,4.8 mm,27.5 mm 28.0 mm,23.6 mm 24.0 mm,Normal,0,All seasons,1,1,-,#196 Top 30%,#486 Bottom 27%
Saucony Peregrine 14,"88
 Great!",3064520Rp,ModerateTechnical,Moderate,Moderate,-,Neutral,9.4 oz / 266g 9.4 oz / 267g,0,2.2 mm 4.0 mm,Mid/forefoot,True to size,Balanced,Small,Rock plate,Decent,Decent,Good,Moderate,Wide,Medium,Moderate,Moderate,Moderate,4.7 mm,27.3 mm 31.0 mm,25.1 mm 27.0 mm,NormalWide,0,All seasons,1,1,-,#233 Top 35%,#487 Bottom 27%
Saucony Peregrine 15,"85
 Good!",$140,LightModerate,Moderate,Moderate,-,Neutral,9.4 oz / 266g 9.7 oz / 275g,0,3.7 mm 4.0 mm,Mid/forefoot,True to size,Soft,Small,Rock plate,Good,Decent,Good,Moderate,Medium,Narrow,Moderate,Flexible,Moderate,4.7 mm,29.5 mm 28.0 mm,25.8 mm 24.0 mm,NormalWide,0,All seasons,1,1,-,#231 Bottom 39%,#114 Top 31%
Saucony Xodus Ultra,87 Great!,$150,Moderate Technical,-,-,,Neutral,10.1 oz / 286g 10.3 oz / 292g,0,7.2 mm 6.0 mm,Mid/forefoot,True to size,Balanced,Normal,Rock plate,-,-,-,Moderate,Narrow,-,Stiff,Moderate,Moderate,3.8 mm,33.9 mm 32.0 mm,26.7 mm 26.0 mm,Normal,,All seasons,1,1,-,#331 Top 50%,#491 Bottom 27%
Saucony Xodus Ultra 2,88 Great!,3361750 Rp,Moderate Technical,-,-,,Neutral,10.3 oz / 293g 9.2 oz / 262g,0,7.3 mm 6.0 mm,Mid/forefoot,True to size,Balanced,Small,Rock plate,Bad,Good,Decent,Moderate,Medium,Medium,Stiff,Stiff,Stiff,4.6 mm,34.1 mm 32.5 mm,26.8 mm 26.5 mm,Normal,,All seasons,1,1,-,#240 Top 36%,#586 Bottom 13%
Saucony Xodus Ultra 3,87 Great!,3361750 Rp,Technical,Moderate,Moderate,,Neutral,10.7 oz / 302g 10.2 oz / 288g,0,5.9 mm 6.0 mm,Mid/forefoot,True to size,Soft,Small,Rock plate,Decent,Good,Good,Moderate,Medium,Medium,Moderate,Stiff,Flexible,4.3 mm,35.1 mm 36.0 mm,29.2 mm 30.0 mm,Normal,,All seasons,1,1,-,#363 Bottom 46%,#505 Bottom 25%
Saucony Xodus Ultra 4,"88
 Great!",$170,Light,Moderate,Moderate,High,Neutral,11 oz / 312g 10.9 oz / 309g,0,6.5 mm 6.0 mm,Mid/forefoot,-,Soft,Normal,0,Decent,Bad,Decent,Moderate,Medium,Medium,Moderate,Stiff,Stiff,3.5 mm,37.6 mm 36.0 mm,31.1 mm 30.0 mm,Normal,0,All seasons,1,1,-,#134 Top 36%,#195 Bottom 48%
Scarpa Spin Planet,94 Superb!,$160,Light Moderate,-,-,-,Neutral,11.4 oz / 322g 10.2 oz / 290g,0,6.2 mm 4.0 mm,Mid/forefoot,True to size,Balanced,Normal,0,Decent,Good,Decent,Breathable,Medium,Medium,Stiff,Stiff,Moderate,3.2 mm,32.8 mm 28.5 mm,26.6 mm 24.5 mm,Normal,0,Summer All seasons,1,1,-,#2 Top 1%,#355 Bottom 6%
The North Face Vectiv Enduris 3,90 Great!,$150,Light,-,-,-,Neutral,9.7 oz / 275g 10.8 oz / 307g,0,11.6 mm 6.0 mm,Heel,True to size,Balanced,Normal,0,Good,Good,Good,Warm,Medium,Medium,Moderate,Stiff,Stiff,3.3 mm,35.8 mm 30.0 mm,24.2 mm 24.0 mm,Normal,0,All seasons,1,1,-,#50 Top 14%,#264 Bottom 30%
Topo MTN Racer 3,87 Great!,3460630 Rp,Light Moderate,-,-,-,Neutral,10.1 oz / 286g 9.8 oz / 278g,0,6.9 mm 5.0 mm,Mid/forefoot,Slightly small,Balanced,Small,0,Bad,Decent,Good,Moderate,Wide,Wide,Stiff,Stiff,Moderate,4.2 mm,33.5 mm 33.5 mm,26.6 mm 28.5 mm,Normal,0,All seasons,1,1,-,#177 Top 47%,#258 Bottom 31%
Topo Traverse,90 Great!,3460630 Rp,Light Moderate,-,-,-,Neutral,10.9 oz / 308g 10.6 oz / 300g,0,4.8 mm 5.0 mm,Mid/forefoot,Slightly small,Balanced,Small,Rock plate,Bad,Good,Good,Moderate,Wide,Wide,Stiff,Stiff,Moderate,4.1 mm,30.8 mm 30.0 mm,26.0 mm 25.0 mm,Normal Wide,0,All seasons,1,1,Water repellent,#45 Top 12%,#275 Bottom 27%
Topo Ultraventure 3,88 Great!,$150,Light,High,Low,-,Neutral,9.7 oz / 276g 10.2 oz / 289g,0,6.3 mm 5.0 mm,Mid/forefoot,True to size,Soft,Small,0,Decent,Decent,Good,Moderate,Wide,Wide,Moderate,Stiff,Moderate,3.2 mm,37.2 mm 35.0 mm,30.9 mm 30.0 mm,Normal,0,All seasons,1,1,-,#270 Top 41%,#185 Top 28%
Topo Ultraventure 4,86 Good!,$150,Light,Moderate,Low,-,Neutral,10.1 oz / 286g 10.1 oz / 285g,0,6.6 mm 5.0 mm,Mid/forefoot,True to size,Soft,Small,0,Bad,Decent,Good,Moderate,Wide,Wide,Moderate,Moderate,Flexible,3.2 mm,35.1 mm 35.0 mm,28.5 mm 30.0 mm,Normal Wide,0,All seasons,1,1,-,#182 Top 49%,#162 Top 43%
Topo Ultraventure 4,86 Good!,$150,Light,Moderate,Low,-,Neutral,10.1 oz / 286g 10.1 oz / 285g,0,6.6 mm 5.0 mm,Mid/forefoot,True to size,Soft,Small,0,Bad,Decent,Good,Moderate,Wide,Wide,Moderate,Moderate,Flexible,3.2 mm,35.1 mm 35.0 mm,28.5 mm 30.0 mm,Normal Wide,0,All seasons,1,1,-,#183 Top 49%,#163 Top 44%
Xero Shoes Mesa Trail WP,66 Bad!,2966250 Rp,Light,-,-,-,Neutral,9.7 oz / 274g 9.6 oz / 272g,0,1.2 mm 0.0 mm,Mid/forefoot,Slightly small,Balanced,Small,0,Decent,Bad,Decent,Warm,Medium,Wide,Moderate,Flexible,Flexible,3.8 mm,14.6 mm 8.0 mm,13.4 mm 8.0 mm,Normal Wide,0,Winter,1,1,Waterproof,#378 Bottom 1%,#364 Bottom 3%
Xero Shoes Scrambler Low,88 Great!,3164000 Rp,Light,-,-,-,Neutral,9.2 oz / 261g 9.2 oz / 260g,0,-0.1 mm 0.0 mm,Mid/forefoot,True to size,Firm,Small,0,Decent,Decent,Decent,Breathable,Medium,Wide,Moderate,Flexible,Flexible,2.7 mm,16.3 mm 15.0 mm,16.4 mm 15.0 mm,Normal Wide,0,Summer All seasons,1,1,-,#126 Top 34%,#354 Bottom 6%